ID,Short name,Full title,One-sentence summary,Topic,Category,Tags,Journal/conference,Publication date,Date basis,Publication status,Research problem,Datasets,Method,Findings,Experimental setup,Analysis,Paper URL,Code URL,Code status,Review date,Review scope
admet-evo-2026,ADMET-EvO,ADMET-EvO: a self-evolving scientific agent for sustained research across heterogeneous tasks,"Uses a research agent to explore features and models for ADMET tasks, evaluating prediction and research efficiency through a fixed testing workflow.",ADMET and pharmacokinetics,Preprints,Research agents; Automated modeling,arXiv,2026-09-09,Initial arXiv submission date; revisions listed in the citation,preprint,"Different endpoints need different features, models and optimization strategies, making repeated manual exploration costly. Automated research also needs test-independent model selection.",22 TDC ADMET tasks plus 43 toxicity tasks.,"An evidence-gated research agent explores hypotheses, features and models. The paper describes freezing the workflow before held-out testing and validation over multiple seeds.",Reports a task-normalized aggregate score of 96.77 and reduced cumulative model-fitting time under the stated comparisons and resource constraints.,"Uses preprint v2, covering 22 TDC tasks and 43 toxicity tasks with the authors' task-normalized aggregate metric.",96.77 is the paper's aggregate score. Model-fitting time is compared under the specified resource constraints; repository access status is recorded below.,https://arxiv.org/abs/2609.10121,,The repository link in the paper could not be accessed during review.,2026-09-19,"Bibliographic metadata, key sections of the paper and related official resources."
trimole-hybrid-2026,Trimole-Hybrid,A multimodal representation learning platform for accurate molecular ADMET prediction,"Fuses sequences, molecular graphs, 3D structures and chemical priors, selecting prediction models or ensembles for each ADMET task.",ADMET and pharmacokinetics,Preprints,Multimodal learning; Model ensembles,bioRxiv,2026-08-25,Crossref preprint publication date; DOI date recorded separately,preprint,A single representation may not suit all endpoints; complementary modalities must be combined with a controlled model-selection process.,22 TDC ADMET tasks.,"Combines SMILES, molecular graphs, 3D geometry and chemical priors with task-specific prediction heads, model selection and ensembles.",Reports scores above the top entry on 10/22 tasks and within the top ten on 21/22 tasks in the selected public leaderboard snapshot.,Evaluates multimodal combinations on 22 TDC tasks against the public leaderboard snapshot selected in the paper.,"The repository provides implementation and review materials. Complete trained weights, official datasets and cached representations require separate preparation.",https://www.biorxiv.org/content/10.64898/2026.08.24.746660v1,https://github.com/dchen0212/trimole_hybrid,"Implementation and review materials are public; complete trained weights, official datasets and cached representations are not included.",2026-09-19,"Bibliographic metadata, abstract and accessible project documentation."
amesnet-2026,AmesNet,AmesNet: A Task-Conditioned Deep Learning Model with Enhanced Sensitivity and Generalization in Ames Mutagenicity Prediction,"Combines molecular structure, bacterial strain and metabolic-activation conditions to improve Ames mutagenicity detection in unfamiliar chemical space.",ADMET and pharmacokinetics,Core papers,AMES; Assay conditions; Out-of-distribution prediction,Chemical Research in Toxicology,2026-06-29,Publisher online publication date,journal,"Models miss mutagenic compounds outside the training domain, while increasing sensitivity alone can produce many false positives.","Strain/S9-conditioned data compiled by Lui et al. After the published version's cleaning, training/validation contains 40,129 records and testing 4,208. Each record is a compound–strain–S9 combination. Foil data lacking strain/S9 information are evaluated separately.","A molecular encoder and strain/±S9 condition channel form two branches. Compares single-task, ordinary/grouped multitask models and condition-augmented encoders including ChemProp and GROVER.",The published main OOD evaluation reports sensitivity 0.72 (95% CI 0.68–0.76) and balanced accuracy 0.81 (0.78–0.83). The supplementary Foil evaluation gives balanced accuracy 0.72.,Uses the source study's OOD partitions and removes identical non-stereochemical SMILES across partitions. Main-task and Foil metrics are separate; international Ames/QSAR challenge results provide background comparisons.,"The published test set contains 4,208 records with sensitivity 0.72; preprint v2 uses 4,528 and reports 0.73. The revision changes data cleaning; these notes use the published results.",https://doi.org/10.1021/acs.chemrestox.6c00082,https://github.com/Model-Medicines/TCL-Ames,"TCL comparison models, predictions and statistical code are public, with some large files on Hugging Face. Availability of the complete AmesNet implementation and weights is unconfirmed.",2026-09-22,"Published metadata/abstract, searchable publisher methods, supplementary material, preprint v2 methods and author repository; continuous access to the ACS full text was restricted."
dcpm-admet-2026,DCPM-ADMET,DCPM-ADMET: fusion of dual-component pre-trained model and molecular fingerprints to enhance drug ADMET properties prediction,Combines representations from two pretrained models with chemical fingerprints to predict 97 ADMET properties.,ADMET and pharmacokinetics,Core papers,ADMET; Pretraining; Representation fusion,Journal of Cheminformatics,2026-06-20,Publisher online publication date,journal,"A single representation struggles to capture semantic, structural and physicochemical information together, while ADMET labels are sparse and endpoints heterogeneous.","Pretraining uses approximately 111 million PubChem records. The ADMET collection contains 97 endpoints: 43 regression and 54 classification tasks, with 465,470 endpoint records. Also evaluates 10 MoleculeNet datasets.","Fuses XLNet semantic representations, a GRU component incorporating SMILES-to-InChI and property learning, and ECFP fingerprints; combines single-task random forests, multitask neural networks and parameter optimization.",Reports improvements over the ECFP baseline on 67/97 endpoints and the best results among compared methods on 5 of 10 MoleculeNet tasks.,Uses scaffold splits and model/feature comparisons; 67 of 97 endpoints outperform the paper's ECFP baseline.,Fusion ablations examine the contribution of each representation. The platform offers 133 outputs: 97 model predictions and 36 calculated properties.,https://link.springer.com/article/10.1186/s13321-026-01244-z,https://github.com/zhangzhangleilei/DCPM-ADMET,The authors provide a public code/project page.,2026-09-19,"Bibliographic metadata, key sections of the paper and related official resources."
openadmet-avoidome-2026,OpenADMET / Avoid-ome,Mapping the avoid-ome: a systematic open-science approach to predictive ADMET,"Proposes combining open experimental data, protein structures, active learning and blind challenges to improve mechanistic ADMET prediction.",ADMET and pharmacokinetics,Perspectives,Mechanisms; Open data; Perspective,Nature Communications,2026-05-25,Publisher online publication date,journal,Public ADMET data are scarce and assays inconsistent; limited structural mechanistic information constrains model-guided optimization.,"Discusses open, mechanism-oriented data generation and experimental plans involving CYPs, transporters, PXR and hERG.","Connects high-throughput chemistry, functional assays, structural biology, active learning and blind challenges to study ADMET-related anti-targets.",Outlines a research program using open experimental data and mechanistic modeling to support multiparameter drug design.,"This Perspective develops a research agenda around open data, mechanistic modeling and blind challenges.","Provides context for OpenADMET's motivation and plans for CYP, transporter and safety-related mechanistic datasets.",https://www.nature.com/articles/s41467-026-73410-8,https://github.com/OpenADMET,"Links to the OpenADMET organization and its data, tools and challenge projects.",2026-09-19,"Bibliographic metadata, key sections of the paper and related official resources."
admet-reliability-2026,ADMET reliability benchmark,Revisiting ADMET prediction reliability under real-world challenges in the foundation model era,"Compares model families under limited data, unfamiliar molecular structures and class imbalance to assess ADMET prediction in practical research settings.",ADMET and pharmacokinetics,Core papers,Generalization; Small data; Evaluation,Journal of Cheminformatics,2026-05-18,Publisher online publication date,journal,"Average benchmark scores miss reliability issues involving small datasets, out-of-distribution prediction, class imbalance, beyond-rule-of-five molecules and activity cliffs.","14 property/ADMET datasets covering hERG, BBBP, Caco-2, half-life, VDss, CYP and peptide properties, plus 30 bioactivity tasks from MoleculeACE.","Compares KPGT, Uni-Mol, TabPFNv2, classical machine learning and AutoML in a common framework, using random, scaffold and Perimeter splits, resampling and ensembles.","TabPFNv2 often performs well in the evaluated small-data/OOD settings. Undersampling ensembles help with imbalance, while KPGT performs strongly on cyclic-peptide permeability with more training data. Activity cliffs remain difficult across models.","Uses random, scaffold and Perimeter splits, organizing experiments around small datasets, class imbalance and out-of-distribution prediction.",Table 1 and scenario-specific results show how model strengths change with data conditions. KPGT achieves R² = 0.627 on CycPept-PAMPA cyclic-peptide permeability.,https://link.springer.com/article/10.1186/s13321-026-01217-2,https://github.com/DonghaiZHAO-ZJU/Benchmark-ADMET-2025,The authors provide a public code/project page.,2026-09-19,"Bibliographic metadata, key sections of the paper and related official resources."
tdc-audit-2026,TDC model audit,Critical Assessment of ML models for ADMET Prediction in TDC leaderboards,"Checks whether leading TDC models run, contain data leakage and reproduce their reported ADMET results.",ADMET and pharmacokinetics,Preprints,Reproducibility; Data leakage; Model audit,bioRxiv,2026-02-28,Crossref preprint publication date; DOI date recorded separately,preprint,"Leaderboard results may depend on pretraining leakage, validation/test overlap or environment problems that affect reproducibility.","10 leading methods selected from the 22-task TDC ADMET benchmark, using the audit's leaderboard snapshot and code versions.","Sequentially checks environment availability, pretraining leakage, validation/test overlap and result reproduction.","The authors report that only MapLight, MapLight+GNN and CaliciBoost pass all checks. CaliciBoost addresses Caco-2 specifically, rather than all 22 tasks.","Audits 10 leading methods for execution, leakage, validation/test overlap and reproduction, recording the relevant leaderboard snapshot and code versions.",The audit separates environment failures from experimental-design issues and can inform reproduction workflows. These notes summarize the preprint's findings.,https://www.biorxiv.org/content/10.64898/2026.02.26.708193v1,https://github.com/receptor-ai/tdc-admet-bench,The authors provide a public code/project page.,2026-09-19,"Bibliographic metadata, abstract and accessible project documentation."
himnet-2026,HimNet,A hierarchical interaction message net for accurate molecular property prediction,"Exchanges information across atoms, substructures and whole molecules in a hierarchical graph network for property and selected ADMET predictions.",ADMET and pharmacokinetics,Further reading,Hierarchical GNN; Metabolic stability,Communications Chemistry,2026-02-14,Publisher online publication date,journal,"Limited interaction across atom, substructure and molecular levels can leave property-relevant information out of single-level representations.","11 datasets: 8 MoleculeNet subsets plus Malaria, LMC and MetStab. BBBP, Tox21, SIDER, ClinTox and metabolic-stability tasks directly concern ADMET; others assess broader properties or bioactivity.","Hierarchical message passing and attention combine directed message paths, cross-level interactions and consistency information from multiple fingerprints.","Tables 1–2 report best or near-best results on several tasks among the compared methods, supporting hierarchical feature fusion.",Tables 1–2 summarize 11 property/activity datasets. These notes cover the main comparisons; task-specific splits and hyperparameters remain to be added.,"Useful for studying hierarchical feature fusion alongside metabolic-stability tasks, especially how representations at different levels affect performance.",https://www.nature.com/articles/s42004-026-01922-x,,Code link to be added.,2026-09-19,"Bibliographic metadata, key sections of the paper and related official resources."
caliciboost-2025,CaliciBoost,CaliciBoost: Performance-driven evaluation of molecular representations for caco-2 permeability prediction,"Combines molecular fingerprints, physicochemical descriptors and automated machine learning to predict permeability through the Caco-2 intestinal cell model.",ADMET and pharmacokinetics,Core papers,Absorption; Caco-2; AutoML,Journal of Cheminformatics,2025-12-22,Publisher online publication date,journal,"Caco-2 permeability data are limited and assay conditions vary, making it difficult to identify effective molecular features and modeling strategies.","TDC Caco2_Wang contains 906 molecules. A separate OCHEM collection was reduced from 9,402 raw records to 5,481 modeling records through filtering and cleaning. The two datasets are modeled and evaluated separately.","Compares fingerprints, RDKit/PaDEL/Mordred descriptors and CDDD representations, combining AutoGluon with feature selection, interpretation and hyperparameter optimization.",Feature selection and ensemble learning improve Caco-2 prediction. The official TDC Caco-2 leaderboard snapshot dated 2026-09-19 lists MAE = 0.256 ± 0.006 and ranks CaliciBoost first.,Evaluates TDC Caco2_Wang and the curated OCHEM data separately. The 2026-09-19 TDC snapshot reports MAE = 0.256 ± 0.006.,"Results illustrate the contribution of feature selection and ensembles. Some OCHEM records lack the assay direction, leaving label consistency as a data-quality issue.",https://link.springer.com/article/10.1186/s13321-025-01137-7,https://github.com/Calici/CaliciBoost,The authors provide a public code/project page.,2026-09-19,"Bibliographic metadata, key sections of the paper and related official resources."
pksmart-2025,PKSmart,PKSmart: an open-source computational model to predict intravenous pharmacokinetics of small molecules,"Predicts animal pharmacokinetic parameters, then combines them with molecular features to estimate human intravenous clearance, distribution volume and half-life.",ADMET and pharmacokinetics,Core papers,Human PK; Cross-species prediction; External validation,Journal of Cheminformatics,2025-09-26,Publisher online publication date,journal,"Human PK data are scarce, limiting structure-only models. The study examines how preclinical species information can improve human parameter prediction.","Human intravenous PK data for 1,283 distinct compounds, covering VDss, clearance, half-life, unbound fraction and mean residence time; preclinical animal data for another collection of 371 compounds. Label availability varies by endpoint.","First predicts rat, dog and monkey PK parameters from molecular features, then combines these predictions with molecular features in human random-forest models. Uses repeated nested cross-validation and external validation.","Reported external R² values are 0.39 for VDss and 0.46 for clearance, indicating that cross-species predictions can improve selected human PK endpoints.",Repeated nested cross-validation and external validation; external R² is 0.39 for VDss and 0.46 for clearance.,"The study concerns human intravenous PK. Two-stage model comparisons assess the contribution of animal PK information, while external R² values also show the remaining prediction error.",https://link.springer.com/article/10.1186/s13321-025-01066-5,https://github.com/srijitseal/PKSmart,The authors provide a public code/project page.,2026-09-19,"Bibliographic metadata, key sections of the paper and related official resources."
mc-pgp-2025,MC-PGP,A multimodal contrastive learning framework for predicting P-glycoprotein substrates and inhibitors,"Fuses SMILES, fingerprints and molecular graphs to separately predict P-gp inhibition and transport-substrate status.",ADMET and pharmacokinetics,Core papers,P-gp; Multimodal learning; External validation,Journal of Pharmaceutical Analysis,2025-08,Journal issue month; PubMed article date listed separately,journal,Single representations miss P-gp-related structural information. Inhibitors and substrates require distinct tasks and evaluation on compounds from new sources.,"Public databases/literature: 5,943 molecules for inhibition (4,558 positives, 1,385 negatives) and 4,018 for substrate prediction (2,455 positives, 1,563 negatives). Independent external sets contain 140 and 185 molecules, respectively.","Attention fuses SMILES sequences, fingerprints and graphs. Graph contrastive learning aligns local and global structure, with analysis of relevant functional groups.",External inhibitor AUROC is 0.906 ± 0.015. The authors report relative AUROC improvements of 9.82%/10.62% over the next-best method on the inhibitor/substrate external sets.,Internal comparisons use random and scaffold splits; Tables 4–5 report external results. The 9.82%/10.62% values are relative AUROC improvements over the next-best method.,"Inhibition and substrate status are evaluated separately, each with positive and negative examples. The corresponding TDC Pgp_Broccatelli task concerns inhibitor classification.",https://doi.org/10.1016/j.jpha.2025.101313,,Public availability of the complete training implementation remains to be verified.,2026-09-22,"Bibliographic metadata, relevant methods and results, and the listed official resources."
hergai-2025,HERGAI,HERGAI: an artificial intelligence tool for structure-based prediction of hERG inhibitors,Combines docking and ensemble models to identify compounds likely to block the cardiac hERG ion channel in large candidate collections.,ADMET and pharmacokinetics,Core papers,hERG; Docking; Class imbalance,Journal of Cheminformatics,2025-07-24,Publisher online publication date,journal,Small or positive-enriched test sets poorly represent screening collections containing many negatives and few hERG blockers.,"299,927 curated PubChem/ChEMBL molecules: 1,937 positives and 297,990 negatives. Uses an IC50 threshold of 20 μM and an approximately 3:1 train/test allocation grouped by Bemis–Murcko scaffold.","Selects poses after Smina docking and extracts protein–ligand PLEC fingerprints. RF, XGBoost and DNN base models feed a DNN stacking model; oversampling occurs within training folds.",Reports test recall of approximately 86% for blockers with IC50 ≤ 20 μM and 94% for those with IC50 ≤ 1 μM. Screening enrichment exceeds the generic docking scores compared in the paper.,"Five-fold training-set cross-validation for tuning; reports recall, specificity, balanced accuracy and enrichment. The 86%/94% values are positive recall at two activity thresholds.","Test-set screening performance informed the choice of pose-scoring scheme. High recall comes with false positives, so specificity and enrichment matter; the workflow also requires docking and structural fingerprint calculation.",https://doi.org/10.1186/s13321-025-01063-8,https://github.com/vktrannguyen/HERGAI,Author code and data are accessible; the repository was archived on 2026-01-01.,2026-09-22,"Bibliographic metadata, relevant methods and results, and the listed official resources."
molmcl-2025,MolMCL,Multi-channel learning for integrating structural hierarchies into context-dependent molecular representation,"Learns molecular, scaffold and local-context representations, then combines them by task for property and bioactivity prediction.",ADMET and pharmacokinetics,Further reading,Multichannel pretraining; Activity cliffs,Nature Communications,2025-01-06,Publisher online publication date,journal,"Tasks depend on different structural levels, making fixed graph representations and readouts difficult to adapt across tasks.",ZINC15 for pretraining; 7 MoleculeNet datasets and 30 MoleculeACE bioactivity tasks for downstream evaluation.,"Multichannel learning over molecular, scaffold and contextual information, using molecular perturbations, contrastive learning and prompt-guided readout.","Multichannel learning and task adaptation improve representations on the evaluated molecular tasks, with activity-cliff experiments demonstrating the design's value.",Downstream experiments cover 7 MoleculeNet subsets and 30 MoleculeACE bioactivity tasks.,Activity-cliff experiments help examine representation sensitivity to local structural changes. This MolMCL and MoleMCL in Bioinformatics are separate studies.,https://www.nature.com/articles/s41467-024-55082-4,https://github.com/yuewan2/MolMCL,The authors provide a public code/project page.,2026-09-19,"Bibliographic metadata, key sections of the paper and related official resources."
mole-2024,MolE,MolE: a foundation model for molecular graphs using disentangled attention,"Pretrains on a large collection of molecular graphs, adds supervised biological-task training, and fine-tunes for ADMET prediction.",ADMET and pharmacokinetics,Core papers,Graph foundation model; Large-scale pretraining,Nature Communications,2024-11-12,Publisher online publication date,journal,The study addresses how to learn transferable representations from very large unlabeled molecular collections and combine them with labeled biological information.,"Approximately 842 million molecular graphs from ZINC20 and ExCAPE-DB for self-supervised learning, followed by supervised multitask pretraining; ADMET evaluation covers 22 TDC tasks.",Decoupled attention models atom content and relative graph position. Training proceeds from atom-environment prediction to supervised pretraining and downstream fine-tuning.,"Reports results exceeding the best published methods in a September 2023 TDC snapshot on 10/22 tasks, with means and standard deviations across multiple runs.",Evaluates 22 TDC tasks over multiple runs; comparisons use a September 2023 snapshot of published TDC methods.,The paper describes excluding test molecules from pretraining. Reproduction also involves large-scale pretraining resources; checkpoint download instructions still contained a TODO when reviewed.,https://www.nature.com/articles/s41467-024-53751-y,https://github.com/recursionpharma/mole_public,Implementation is public. Checkpoint download instructions contained a TODO when reviewed; availability of all weights is unconfirmed.,2026-09-19,"Bibliographic metadata, key sections of the paper and related official resources."
pharmabench-2024,PharmaBench,PharmaBench: Enhancing ADMET benchmarks with large language models,"Uses language models to extract assay conditions, then cleans and harmonizes ADMET records to build better-specified benchmarks.",ADMET and pharmacokinetics,Data and benchmarks,Data curation; Assay conditions,Scientific Data,2024-09-10,Publisher online publication date,journal,Inconsistent assay conditions and endpoint definitions reduce benchmark quality when labels are simply pooled.,"156,618 raw records from 14,401 bioassays, curated into 52,482 records across 11 ADMET datasets.","Language-model-assisted assay-information extraction, followed by curation of structures, units, duplicates and assay conditions, with modeling splits provided.",Harmonizes assay conditions and data processing to provide ADMET modeling datasets with clearer experimental context.,"Benchmark construction focuses on assay conditions, units, structure cleaning and data splitting.",The workflow can guide data cleaning and label harmonization. Merging with other public data requires duplicate checks by source and molecular structure.,https://www.nature.com/articles/s41597-024-03793-0,https://github.com/mindrank-ai/PharmaBench,The authors provide a public code/project page.,2026-09-19,"Bibliographic metadata, key sections of the paper and related official resources."
bbb-megamolbart-2024,BBB MegaMolBART,Predicting blood–brain barrier permeability of molecules with a large language model and machine learning,"Predicts blood–brain barrier permeability with a molecular language model and XGBoost, then tests selected compounds in human-derived 3D BBB spheroids.",ADMET and pharmacokinetics,Further reading,BBB; Molecular language models; In vitro validation,Scientific Reports,2024-07-09,Publisher online publication date,journal,BBB labels are limited; the study tests whether pretrained molecular representations improve prediction and receive experimental support in vitro.,"B3DB: 7,807 molecules (4,956 BBB+, 2,851 BBB−); CMUH: 2,499 (105 BBB+, 2,394 BBB−). B3DB includes 1,058 logBB values. Spheroid experiments select 21 predicted permeable and 5 predicted impermeable candidates, with controls.","MegaMolBART encodes SMILES for XGBoost classification/regression, compared with Morgan fingerprints. BBB spheroids contain human brain microvascular endothelial cells, pericytes and astrocytes; LC–MS/MS measures permeability.","Reports a final held-out AUROC of 0.88. Spheroid results agree with prediction directions for the selected candidates, supporting exploratory BBB screening.","Compares B3DB-only training, CMUH external testing and mixed-data settings. The final classifier splits B3DB/CMUH 80/10/10, achieving held-out AUROC = 0.88.","Spheroid experiments select candidates with very high or low scores, supporting their in vitro permeability classification. Intermediate-score compounds and human permeability need further experiments.",https://doi.org/10.1038/s41598-024-66897-y,,The paper links B3DB and MegaMolBART components; a link to the complete training workflow remains to be added.,2026-09-22,"Bibliographic metadata, relevant methods and results, and the listed official resources."
admet-ai-2024,ADMET-AI,ADMET-AI: a machine learning ADMET platform for evaluation of large-scale chemical libraries,Packages graph neural networks into web and local tools that predict multiple ADMET properties for large compound libraries.,ADMET and pharmacokinetics,Core papers,ADMET; Platform; High throughput,Bioinformatics,2024-06-24,Publisher online publication date,journal,"Large-scale screening requires accurate multi-endpoint predictions, high throughput and local deployment.",41 TDC prediction tasks: 31 classification and 10 regression tasks. Performance rankings use the 22-task ADMET Benchmark Group subset.,"The paper uses Chemprop D-MPNN with 200 RDKit descriptors, separate multitask classification and regression models, and model ensembles.","At publication, the authors reported a leading average TDC ADMET rank and high batch-processing efficiency, with both web and local tools available.",Training covers 41 tasks; performance rankings use 22 ADMET benchmark tasks. Figure 1B–C compares predictive performance and runtime.,"Inference speed depends on hardware and batch size. Version 2 changes the Chemprop version and feature configuration, so paper reproduction requires the corresponding software version.",https://pmc.ncbi.nlm.nih.gov/articles/PMC11226862/,https://github.com/swansonk14/admet_ai,The authors provide a public code/project page.,2026-09-19,"Bibliographic metadata, key sections of the paper and related official resources."
admetsar-3-2024,admetSAR3.0,"admetSAR3.0: a comprehensive platform for exploration, prediction and optimization of chemical ADMET properties","Integrates ADMET data search, property prediction and structural optimization suggestions to help identify suitable candidates.",ADMET and pharmacokinetics,Further reading,ADMET; Platform; Structural optimization,Nucleic Acids Research,2024-04-22,Publisher online publication date,journal,Users need both property predictions and ways to find similar compounds and structural modifications that improve ADMET.,"More than 370,000 experimental records covering 104,652 distinct compounds and 119 ADMET endpoints.","Multitask graph neural networks with database retrieval, similarity search, structural transformations and scaffold-hopping tools.","Combines molecular exploration, property prediction and optimization suggestions in one platform for multiparameter screening and design.","These notes cover data scale, prediction and optimization features; endpoint-specific experimental settings remain to be added.","The platform illustrates how to connect structural exploration, property prediction and optimization. Suggested molecules still require experimental assessment.",https://doi.org/10.1093/nar/gkae298,,Code link to be added.,2026-09-19,"Bibliographic metadata, abstract and accessible project documentation."
admetlab-3-2024,ADMETlab 3.0,"ADMETlab 3.0: an updated comprehensive online ADMET prediction platform enhanced with broader coverage, improved performance, API functionality and decision support","Provides online ADMET and physicochemical predictions with uncertainty estimates, an API and decision-support tools.",ADMET and pharmacokinetics,Further reading,ADMET; Platform; Uncertainty,Nucleic Acids Research,2024-04-04,Publisher online publication date,journal,"Limited property coverage, inconvenient access and point predictions alone constrain platform support for compound selection.","More than 400,000 records support model development; the platform provides 119 property/assessment outputs, including predicted endpoints and calculated properties.","Multitask directed message passing and descriptor-based modeling, combined with predictive uncertainty, API access and decision support.","Expands property coverage and integrates batch processing, API access and uncertainty estimation for ADMET screening.","These notes cover platform functions, data scale and modeling methods; endpoint-specific experimental settings remain to be added.","Platform comparisons can examine endpoint coverage, batch inference, uncertainty outputs and access options. See the review record for training-code and weight availability.",https://doi.org/10.1093/nar/gkae236,,Code link to be added.,2026-09-19,"Bibliographic metadata, abstract and accessible project documentation."
kpgt-2023,KPGT,A knowledge-guided pre-training framework for improving molecular representation learning,Incorporates fingerprints and physicochemical descriptors into graph pretraining to learn representations for ADMET and other molecular properties.,ADMET and pharmacokinetics,Core papers,Graph pretraining; Chemical knowledge,Nature Communications,2023-11-21,Publisher online publication date,journal,Graph-pretraining objectives can diverge from downstream needs; representations must retain chemical knowledge and transfer effectively.,"Approximately 2 million ChEMBL29 molecules for pretraining; 63 downstream datasets comprising 11 common property datasets, 22 TDC ADMET tasks and 30 MoleculeACE tasks.","Uses the LiGhT line-graph Transformer with descriptor- and fingerprint-guided pretraining, followed by downstream fine-tuning.",Figure 2c and Supplementary Table 8 report the best performance among the models compared at publication on 16/22 TDC ADMET tasks.,"Evaluates TDC, MoleculeNet and MoleculeACE separately. Figure 2c and Supplementary Table 8 show the best compared results on 16 of 22 TDC tasks.",Pretraining uses approximately 2 million ChEMBL29 molecules; MoleculeACE further tests activity-cliff prediction. Ablations help assess knowledge-guided pretraining and downstream transfer.,https://www.nature.com/articles/s41467-023-43214-1,https://github.com/lihan97/KPGT,The authors provide a public code/project page.,2026-09-19,"Bibliographic metadata, key sections of the paper and related official resources."
mtgl-admet-2023,MTGL-ADMET,ADMET property prediction via multi-task graph learning under adaptive auxiliary task selection,Selects useful auxiliary tasks for each ADMET endpoint to reduce interference during multitask training.,ADMET and pharmacokinetics,Core papers,Multitask learning; Auxiliary tasks; Negative transfer,iScience,2023-11,Journal issue month,journal,Training all ADMET tasks together can cause negative transfer; each primary task may need a different auxiliary-task set.,"24 endpoints collected from 8 publications: 18 classification and 6 regression tasks, covering 43,291 compounds and including ADMET plus 2 physicochemical endpoints.","Uses state theory and maximum flow for auxiliary-task selection, together with shared atom representations, task-specific attention and a primary-task-centered gating module.","Comparisons and ablations show that adaptive task selection and gating improve prediction, supporting auxiliary-task selection tailored to the primary task.","Table 1 uses a random 8:1:1 split and 10 random seeds, with AUROC for classification and R² for regression.",Comparisons focus on auxiliary-task selection and gating. The 24-endpoint collection differs from TDC's 22 tasks in data composition and splitting.,https://pmc.ncbi.nlm.nih.gov/articles/PMC10654589/,https://github.com/dubingxue/MTGL-ADMET,The authors provide a public code/project page.,2026-09-19,"Bibliographic metadata, key sections of the paper and related official resources."
maplight-2023,MapLight,ADMET property prediction through combinations of molecular fingerprints,Combines molecular fingerprints and descriptors in CatBoost models to assess the strength of conventional features for ADMET prediction.,ADMET and pharmacokinetics,Preprints,Fingerprints; CatBoost; Baselines,arXiv,2023-09-29,Initial arXiv submission date; revisions listed in the citation,preprint,"Can simple, computationally inexpensive feature-based models remain competitive with deep learning?",22 TDC ADMET tasks.,"Combines ECFP, Avalon, ErG and molecular descriptors in CatBoost, with an additional variant incorporating GNN representations.",Fingerprint combinations perform well on multiple ADMET endpoints and provide useful baselines. A subsequent third-party audit reports that two MapLight variants passed its checks.,Evaluates model variants on 22 TDC ADMET tasks; a separate third-party preprint audits the reproducibility of two variants.,Fingerprint combinations offer practical endpoint-modeling baselines. Read third-party audit results alongside the code versions and checks used.,https://arxiv.org/abs/2310.00174,https://github.com/maplightrx/MapLight-TDC,The authors provide a public code/project page.,2026-09-19,"Bibliographic metadata, key sections of the paper and related official resources."
ai-toxicity-review-2023,AI for drug toxicity: review,"Artificial Intelligence in Drug Toxicity Prediction: Recent Advances, Challenges, and Future Perspectives",Surveys machine-learning and deep-learning approaches by toxicity task and collects public datasets and prediction tools for model development.,ADMET and pharmacokinetics,Reviews,Toxicity; Review; Data and tools,Journal of Chemical Information and Modeling,2023-04-26,Publisher online publication date; issue date 2023-05-08,journal,"Toxicity research spans heterogeneous endpoints, data resources and models, creating a need for task-oriented routes to usable datasets, representative methods and tools.","Covers six major toxicity properties and Tox21 endpoints. Supplementary Table S2 lists resources including Tox21, TOXRIC, ToxRefDB 2.0, DILIrank, ToxCast, CTD, PubChem, ChEMBL, OCHEM and TDC; database sizes are recorded as accessed on 2022-05-10.","Reviews machine-learning algorithms and deep-learning architectures for toxicity prediction. Supplementary Table S1 compares Tox21 methods, input features and performance; S2 lists data sources; S3 catalogs tools, their model counts and algorithms.","Provides a task-oriented route to models, data and tools, covering fingerprint and descriptor models as well as graph networks, multitask and knowledge-guided methods. It offers a reading framework for a toxicity-prediction topic.","This is a review, with performance drawn from cited studies. Table S1 records features and AUC/ACC by method. Table S3 includes ProTox-II, FP-ADMET, HelixADMET and ADMETlab 2.0, with website access dated 2022-06-15.","Table S1 scores reflect the endpoints and experimental settings of different original studies; model comparisons require those source papers. Database sizes, tool versions and access dates in Tables S2–S3 are retained as historical records.",https://pubs.acs.org/doi/10.1021/acs.jcim.3c00200,,Associated resources are the public-data and prediction-tool lists in Supplementary Tables S2–S3.,2026-09-22,Reviewed publisher metadata and abstract and Tables S1–S3 in the authors’ public 17-page supporting information; the individual toxicity sections in the main text have not been checked in full.
uni-qsar-2023,Uni-QSAR,Uni-QSAR: an Auto-ML Tool for Molecular Property Prediction,"Automatically combines fingerprints, descriptors and pretrained 1D, 2D and 3D molecular representations with tuning and stacked ensembles for ADMET prediction.",ADMET and pharmacokinetics,Preprints,AutoML; Multimodal representations; Ensembles,arXiv,2023-04-24,arXiv version 1 submission date,preprint,"Different properties favor different molecular features, making manual representation, model and hyperparameter selection costly; skewed regression labels and class imbalance add further modeling challenges.",The 22 TDC ADMET Benchmark Group tasks: nine regression and 13 classification tasks. A separate CNS penetration case uses 940 training compounds (315 positive and 625 negative) and 117 external test compounds.,"Combines fingerprints and descriptors with 1D representations such as K-BERT, 2D representations including GROVER, MolCLR and KPGT, and Uni-Mol 3D representations. Target transformations, imbalance-aware learning, Bayesian optimization and two-level stacking are orchestrated with dflow.","Tables 1–2 report Caco-2 MAE of 0.273 and BBBP AUROC of 0.925. Counting the printed TDC ranking rows gives 17 first-place results across 22 tasks. The CNS case reports AUROC of 0.980; ablations support the contributions of 3D representations, stacking and target transformations.","TDC experiments follow the benchmark report cited in the paper and compare with Chemprop, DeepAutoQSAR and DeepPurpose; some baseline scores come from prior reports or leaderboards. Per-task splits and seeds are not detailed. Table 1 shows first place for 8/9 regression tasks and Table 2 for 9/13 classification tasks, as recorded in the paper.","The abstract claims SOTA on 21/22 tasks, whereas the TDC ranking rows in Tables 1–2 contain 17/22 first-place entries. These notes use the task metrics and rank counts in the tables; the paper does not reconcile the two counts.",https://arxiv.org/abs/2304.12239,https://github.com/deepmodeling/unimol_tools,"The related public component, Uni-Mol Tools, provides Uni-Mol representations and property prediction, rather than the complete multi-representation stacking pipeline described in the paper.",2026-09-22,"Reviewed arXiv v1, Tables 1–2, the CNS case and ablations, and checked the Uni-Mol Tools README for its paper citation and documented features."
domain-aware-pbrics-2023,Domain-aware / pBRICS,Domain-aware representation of small molecules for explainable property prediction models,Builds chemically meaningful molecular fragments so graph models can predict ADMET properties and identify fragments contributing to each prediction.,ADMET and pharmacokinetics,Further reading,Fragment representations; Interpretability; Multitask learning,ICLR 2023 MLDD Workshop,2023,Year stated in the official workshop acceptance listing,conference,"Atom-level importance is difficult to translate into functional groups and medicinal-chemistry changes, while generic fragmentation can break chemically meaningful substructures.","23 classification endpoints curated from ADMETlab 2.0 data, covering Ames mutagenicity, carcinogenicity, CYPs, eye and respiratory toxicity, BBBP and Tox21. ChEMBL molecules support fragmentation analysis; interpretation cases include 102 BBBP matched molecular pairs comprising 110 unique molecules.",pBRICS post-processes BRICS fragments using functional-group rules to organize scaffolds and substituents. MACCS and ECFP2 fragment fingerprints feed single-task and multitask GCN/RGCN models; Grad-CAM and matched molecular pairs examine fragment contributions.,"In Table 2, multitask fragment RGCN achieves mean AUROC of 84.47% across 23 endpoints, versus 83.35% for the comparator trained with ADMETlab 2.0 code, a gain of 1.12 percentage points. Fragment analyses connect functional-group changes with BBBP and Ames predictions.","The train/validation/test ratio is 80%/10%/10%; the text does not specify random versus scaffold splitting. Table 2 compares MT-FraGCN, MT-FraRGCN, ST-FraGCN and the ADMETlab 2.0 comparator. Sections 3.3–3.4 examine BBBP and Ames matched molecular pairs.","Matched-pair analysis shows that scaffold correlations can dominate predictions: plausible local fragment attribution can coexist with an incorrect class prediction. The same team’s related pBRICS journal study (10.1021/acs.jcim.3c00689) covers 40 properties; the 23-task, 84.47% result here belongs to the workshop paper.",https://openreview.net/forum?id=C9WW17wQF7p,,The paper and workshop listing do not provide an accompanying code link.,2026-09-22,"Reviewed the official acceptance listing and its linked 13-page PDF, including fragment representations, splitting, Table 2 and matched-pair analyses; also checked the related journal study’s metadata and task count."
moleculeace-2022,MoleculeACE,Exposing the Limitations of Molecular Machine Learning with Activity Cliffs,Evaluates structurally similar molecules with large activity differences to expose model weaknesses hidden by average prediction errors.,Methods and benchmarks,Data and benchmarks,Activity cliffs; Bioactivity; Evaluation,Journal of Chemical Information and Modeling,2022-12-01,Publisher online publication date,journal,"Overall error does not adequately capture activity-cliff performance, which matters for lead optimization.","Curated bioactivity datasets for 30 macromolecular targets, comparing 24 machine-learning strategies. The authors provide data and evaluation workflows.","Defines structurally similar pairs with large activity differences and reports overall RMSE alongside cliff-molecule RMSEcliff, comparing descriptor models with graph/sequence neural networks.","Several descriptor-based methods outperform more complex deep models in the tested activity-cliff settings. Performance varies by target, supporting separate cliff metrics.",Analyzes overall RMSE and RMSEcliff with fixed data/code versions and cliff definitions. A 2023 correction revises the early-stopping description.,The focus is bioactivity differences among similar structures. Original-paper and later implementation results are recorded separately to track changes in data and code.,https://doi.org/10.1021/acs.jcim.2c01073,https://github.com/molML/MoleculeACE,The authors provide a public code/project page.,2026-09-22,"Bibliographic metadata, relevant methods and results, and the listed official resources."
ames-multitask-2022,AMES multitask DNN,Multitask Deep Neural Networks for Ames Mutagenicity Prediction,"Learns Ames outcomes for five bacterial strains jointly, retaining strain-specific information alongside the overall mutagenicity label.",ADMET and pharmacokinetics,Further reading,AMES; Strain-level labels; Multitask learning,Journal of Chemical Information and Modeling,2022-09-06,Publisher online publication date,journal,Collapsing results across strains into one label discards strain-level information useful for mutagenicity prediction.,"Authors' Mendeley v2 data: 5,536 ISSSTY-curated molecules with 1,360 Mordred descriptors, labels for TA98, TA100, TA102, TA1535 and TA1537 plus Overall, including undetermined labels. Train/Internal/External partitions are provided.","A shared-representation multitask DNN learns five strain outcomes and is compared with overall-label single-task models, strain-specific models and their ensembles. Compounds with partially undetermined labels are retained.","The published abstract reports improvements over overall-label single-task models and ensembles of strain-specific models, supporting the use of strain-level information.","The authors' data.py provides Train/Internal/External partitions and five-fold cross-validation, stratifying multitask folds by Overall labels. Individual scores await checking against the published tables.",Five strain labels provide information about different mutation sensitivities. The code README retains submission-stage wording; citations use the published JCIM version.,https://doi.org/10.1021/acs.jcim.2c00532,https://github.com/VirSabando/MTL_DNN_Ames,The authors provide a public code/project page.,2026-09-22,"Published metadata/abstract, authors' Mendeley v2 documentation, code README and data.py; published result tables have not been fully checked."
ssl-gcn-2021,SSL-GCN,Chemical toxicity prediction based on semi-supervised learning and graph convolutional neural network,Trains a graph neural network on labeled and unlabeled molecules to improve Tox21 toxicity prediction through semi-supervised learning.,ADMET and pharmacokinetics,Further reading,Toxicity; Semi-supervised learning; Tox21,Journal of Cheminformatics,2021-11-27,Publisher online publication date,journal,"Toxicity labels are limited, while many compounds have only structural information; supervised graph models cannot fully use these unlabeled molecules.","Tox21: 7,831 molecules and 12 toxicity endpoints. Removing labels from ClinTox, SIDER, ToxCast and HIV and excluding structures overlapping with Tox21 yields 50,527 unlabeled molecules.","A GCN encodes molecular graphs within a Mean Teacher framework. The student learns toxicity labels, teacher parameters follow an exponential moving average of student parameters, and prediction consistency under perturbations incorporates unlabeled data.","The paper reports a best mean ROC-AUC of 0.757, compared with about 0.71 for the conventional machine-learning models evaluated. Unlabeled data improve prediction, with the best mixing ratio varying by endpoint.","Tox21 uses an 80%/10%/10% scaffold split and five repeated runs. Comparisons include supervised SL-GCN, ECFP4-based KNN, neural networks, random forests, SVM and XGBoost, and DeepChem models. Tested unlabeled-to-labeled ratios are 0.5, 1, 2, 3 and 4.",Label completeness and class balance vary across the 12 endpoints. Endpoint AUROC and mixing-ratio experiments show that adding more unlabeled molecules does not consistently improve every task.,https://link.springer.com/article/10.1186/s13321-021-00570-8,https://github.com/chen709847237/SSL-GCN,"The author repository provides training and prediction scripts, with README links to data and model archives.",2026-09-22,"Reviewed the publisher full text for data, scaffold splitting, Mean Teacher and results, and checked the author repository README."
cardiotox-net-2021,CardioTox net,CardioTox net: a robust predictor for hERG channel blockade based on deep learning meta-feature ensembles,Combines neural-network predictions from different molecular representations to identify hERG blockers and tests them on three external datasets.,ADMET and pharmacokinetics,Further reading,hERG; Ensembles; External validation,Journal of Cheminformatics,2021-08-16,Publisher online publication date,journal,"Single representations can omit relevant information, while simple model combinations struggle to balance sensitivity, specificity and predictive accuracy.","12,620 training molecules from BindingDB, ChEMBL and literature: 6,643 blockers and 5,977 non-blockers. Three external sets contain 44, 41 and 839 molecules, using an IC50 threshold of 10 μM.",Five base neural networks process different chemical features; a separate neural network combines their predictions. A 70/10/10/10 allocation supports base-model training/validation and meta-model training/validation.,"External MCC values are 0.599/0.452/0.220 and accuracies 0.810/0.755/0.746. Several metrics improve over selected earlier methods, but PPV on the third, imbalanced set is only 0.113.",The Data preparation section describes the training and three external datasets and analyzes their chemical similarity.,Two external sets are small; the third has a low positive fraction. Its PPV of 0.113 highlights false positives under imbalance and should be read alongside recall.,https://doi.org/10.1186/s13321-021-00541-z,https://github.com/Abdulk084/CardioTox,The authors provide a public code/project page.,2026-09-22,"Bibliographic metadata, relevant methods and results, and the listed official resources."
tox21-conformal-2021,Deep conformal toxicity prediction,Deep Learning-Based Conformal Prediction of Toxicity,"Adds conformal prediction to toxicity models, returning one or multiple candidate labels at a chosen confidence level and assessing uncertainty and missed toxic compounds.",ADMET and pharmacokinetics,Further reading,Toxicity; Uncertainty; Conformal prediction,Journal of Chemical Information and Modeling,2021-05-27,Publisher online publication date,journal,"A class label or score does not directly quantify prediction reliability, while class imbalance can cause toxic minority compounds to be missed.","Twelve nuclear-receptor and stress-response endpoints from the Tox21 challenge, modeled as separate active/inactive tasks; endpoint sample counts appear in Table 1.","Combines DNNs, GCN, GAT, other graph models, random forests and LightGBM with Mondrian conformal prediction using a held-out calibration set. Evaluates validity, single-label efficiency, balanced accuracy and MCC.","GCN-based conformal prediction achieves over 80% single-label efficiency for the toxic class at 90% confidence. Several underlying models retrieve more toxic compounds, with an accompanying increase in false positives.",Ten-fold stratified cross-validation; each fold reserves 10% of training data for validation and 20% of the remainder for calibration. Validity and efficiency are evaluated across significance levels and separately by class.,Coverage guarantees require exchangeability. Single-label efficiency is distinct from accuracy; application to new chemical spaces requires checking empirical calibrated coverage.,https://doi.org/10.1021/acs.jcim.1c00208,https://github.com/FredrikSvenssonUK/tox21_conformal,The authors publish Python modeling code and identify the Tox21 data portal.,2026-09-22,"Reviewed the accepted manuscript’s data, methods, results and conclusions; checked publisher/Crossref dates and the author code entry."
tdc-2021,TDC,Therapeutics Data Commons: Machine Learning Datasets and Tasks for Drug Discovery and Development,Organizes drug-discovery datasets and tasks into shared interfaces and benchmarks for consistent model comparison.,ADMET and pharmacokinetics,Data and benchmarks,Data benchmarks; Evaluation protocols,NeurIPS Datasets and Benchmarks,2021,Conference year,conference,"Fragmented datasets, task interfaces, splits and evaluation protocols make fair comparisons difficult.",A collection spanning drug discovery and development. These notes focus on its 22-task ADMET Benchmark Group; the conference paper covers a broader set of tasks.,"Defines tasks, data interfaces, standardized benchmarks and public leaderboards.","Provides data loading, task splits and evaluation tools for comparing drug-discovery models under common settings.","The ADMET Benchmark Group uses task-specific metrics and scaffold splits, with evaluation across multiple random seeds.","Toxicity tasks among the 22 endpoints include hERG, AMES, DILI and LD50. TDC also hosts other drug-discovery data; select tasks by benchmark group.",https://datasets-benchmarks-proceedings.neurips.cc/paper/2021/hash/3948ead63a9f2944218de038d8930b8f-Abstract-round2.html,,Code link to be added.,2026-09-19,"Bibliographic metadata, key sections of the paper and related official resources."
tox21-library-2020,Tox21 10K compound library,The Tox21 10K Compound Library: Collaborative Chemistry Advancing Toxicology,"Explains how the Tox21 library combines agency collections, high-throughput experiments and traceable chemical annotations to produce toxicity data.",ADMET and pharmacokinetics,Data and benchmarks,Toxicity; Data resources,Chemical Research in Toxicology,2020-11-03,Publisher online publication date,journal,"Agency collections cover different chemical spaces; integration requires consistent annotations, replicate identification and reproducibility assessment.","Approximately 10,000 chemical samples in the Tox21 10K library. At the stage described in the paper, around 8,500 chemicals had been screened in over 70 assays, generating more than 100 million data points.","Combines partner collections with concentration-response screening, replicates and analytical quality control. ToxPrint chemotypes and enrichment analyses compare chemical coverage and activity patterns.","Partner collections provide complementary coverage, revealing structure–activity patterns less apparent in individual libraries and clarifying the origins of Tox21 data.","Examines library composition, replicates, quality control, physicochemical properties and chemotype enrichment as properties of a data resource.","The original 10K library, the 2014 challenge and the 12-endpoint MoleculeNet subset are different releases; modeling records should identify the release and selection steps.",https://doi.org/10.1021/acs.chemrestox.0c00264,,Data-resource paper; partner agencies publish sample annotations and assay data.,2026-09-22,"Checked the publisher abstract and methods overview, Crossref online/issue dates and the official data download portal."
chemprop-dmpnn-2019,Chemprop / D-MPNN,Analyzing Learned Molecular Representations for Property Prediction,Learns molecular representations by passing messages along directed chemical bonds and evaluates property prediction on public and industrial data.,Methods and benchmarks,Foundational methods,Molecular graphs; D-MPNN; Industrial data,Journal of Chemical Information and Modeling,2019-07-30,Publisher online publication date,journal,Evidence was limited on whether learned representations outperform handcrafted descriptors and generalize to industrial data and new chemical space.,19 public and 16 private industrial datasets spanning multiple chemical endpoints.,"Directed-bond message passing (D-MPNN), molecular-level computed features and hyperparameter optimization, compared with fixed descriptors and earlier graph networks.","Matches or exceeds several baselines on the evaluated public/industrial tasks, demonstrating the practical value of learned representations. Performance remains below experimental reproducibility and varies by task and split.","Compares random, scaffold and available temporal splits to assess generalization to new chemical space and industrial data.","The 2019 paper establishes Chemprop's methodological foundation. Later software development makes version, feature and split control important for reproduction.",https://doi.org/10.1021/acs.jcim.9b00237,https://github.com/chemprop/chemprop,The authors provide a public code/project page.,2026-09-22,"Bibliographic metadata, relevant methods and results, and the listed official resources."
attentivefp-2019,AttentiveFP,Pushing the Boundaries of Molecular Representation for Drug Discovery with the Graph Attention Mechanism,Learns which atoms and neighborhoods to emphasize when aggregating molecular information for property prediction and structural attribution.,Methods and benchmarks,Foundational methods,Molecular graphs; Attention; Molecular representations,Journal of Medicinal Chemistry,2019,"Online publication year; exact-date fields conflict, with issue date listed separately",journal,Representations must capture local and longer-range structural relationships while making model-selected chemical features easier to inspect.,"The authors' repository provides BBBP, HIV, BACE, ClinTox, SIDER, Tox21, ToxCast, ESOL (delaney), FreeSolv (SAMPL), Lipophilicity, QM9 and aromaticity examples, covering ADMET, activity, physicochemical and quantum-chemical tasks.",Attention in molecular-graph message aggregation and graph-level readout produces learned fingerprints; attention visualization explores structural information.,Reports advanced performance at publication on the tested tasks and visual examples of learned nonlocal intramolecular relationships.,"The data directory includes classification, regression and aromaticity examples. Comparisons require aligned splits and training configurations.","Attention visualizations show structures emphasized by the model. Online-date fields differ: Crossref/ACS page header gives 2019-08-13, while ACS history gives 2019-08-27; the catalog records the year.",https://doi.org/10.1021/acs.jmedchem.9b00959,https://github.com/OpenDrugAI/AttentiveFP,Author code and accompanying data are accessible; rebuild the original Code Ocean environment following the reproduction instructions.,2026-09-22,"Metadata and conflicting dates, original abstract, author implementation, data directory and REPRODUCING.md; dataset-level result tables have not been fully checked."
moleculenet-2018,MoleculeNet,MoleculeNet: a benchmark for molecular machine learning,"Brings molecular datasets, splits, metrics and algorithms into a shared benchmark for property prediction.",Methods and benchmarks,Data and benchmarks,Datasets; Benchmarks; Evaluation,Chemical Science,2017-10-31,Publisher online publication date,journal,"Different choices of datasets, metrics and implementations make model improvements difficult to separate from evaluation effects.","Public quantum-chemical, physicochemical, biophysical and physiological datasets, including ESOL, FreeSolv, Lipophilicity, BBBP, Tox21, ClinTox, SIDER, BACE, HIV and QM collections, with task-specific metrics and splits.","DeepChem data loaders, molecular featurizers and learning algorithms support systematic comparisons of fixed descriptors and learned representations.","Learned representations work across multiple tasks, while small datasets and imbalance remain challenging. Physically informed features can matter more than algorithm choice in quantum/biophysical tasks.","Metrics and splits are task-specific; comparisons should record the subset, data version, cleaning steps and split.","Coverage includes ADMET, activity, physicochemical and quantum-chemical tasks. DeepChem loading workflows evolve. Publication metadata records the publisher's 2017-10-31 online date alongside the 2018 issue.",https://doi.org/10.1039/C7SC02664A,https://github.com/deepchem/deepchem,The authors provide a public code/project page.,2026-09-22,"Publisher metadata, abstract/benchmark description and official DeepChem resources; individual subsets have not been run."
