ID,论文简称,完整题名,内容概述,专题,分类,主题,期刊或会议,发表时间,日期口径,发表状态,主要痛点,数据集,方法,结论,评测设置,限制,原文URL,代码URL,代码状态,核验日期,核对范围
admet-evo-2026,ADMET-EvO,ADMET-EvO: a self-evolving scientific agent for sustained research across heterogeneous tasks,让研究智能体针对不同 ADMET 任务探索特征和模型，并通过固定测试流程评价预测效果与研究效率。,ADMET 与药代动力学,预印本,研究智能体; 自动建模,arXiv,2026-09-09,arXiv 首次提交日期；修订日期见发表信息,preprint,不同端点需要不同特征、模型和优化过程，人工反复探索成本高；自动研究还需避免使用测试集指导选择。,TDC ADMET 22 任务，另包含 43 个毒性任务。,使用有证据门槛的研究智能体进行假设、特征与模型探索；论文描述冻结方案后进行留出测试评价及多随机种子验证。,作者报告任务归一化综合得分 96.77，并在其指定比较和约束下减少累计模型拟合时间。,引用预印本 v2；评价 TDC 22 任务及 43 个毒性任务，使用作者定义的任务归一化综合分。,96.77 为该论文的综合得分。累计模型拟合时间的比较按论文所设资源约束计算；代码链接的访问情况见下文。,https://arxiv.org/abs/2609.10121,,论文提供的仓库链接在资料核对时访问失败,2026-09-19,书目、正文关键部分及相关官方资源
trimole-hybrid-2026,Trimole-Hybrid,A multimodal representation learning platform for accurate molecular ADMET prediction,融合分子序列、分子图、三维结构和化学先验，并按 ADMET 任务选择预测模型或集成方案。,ADMET 与药代动力学,预印本,多模态; 模型集成,bioRxiv,2026-08-25,Crossref 预印本发布日期；与 DOI 中日期区分,preprint,单一分子表示不一定适合所有端点，如何结合互补模态并控制模型选择过程？,TDC ADMET 22 任务。,结合 SMILES、分子图、三维几何与化学先验，使用任务相关预测头和模型选择/集成。,作者报告在所选公开榜单快照上 10/22 项超过首位成绩、21/22 项进入前十。,在 TDC 22 任务上评价多模态组合，并与论文选定的公开榜单快照比较。,公开仓库提供实现与审查材料；完整训练权重、官方数据和缓存表示需要另行准备。,https://www.biorxiv.org/content/10.64898/2026.08.24.746660v1,https://github.com/dchen0212/trimole_hybrid,实现与审查材料公开；不含完整训练权重、官方数据及缓存表示,2026-09-19,书目、摘要及可访问项目说明
amesnet-2026,AmesNet,AmesNet: A Task-Conditioned Deep Learning Model with Enhanced Sensitivity and Generalization in Ames Mutagenicity Prediction,将分子结构、菌株与代谢活化条件一起输入模型，提高陌生化学结构的 Ames 致突变性识别能力。,ADMET 与药代动力学,核心论文,AMES; 实验条件; 分布外预测,Chemical Research in Toxicology,2026-06-29,出版社在线发表日期,journal,模型在训练域外容易漏检致突变化合物，单纯提高灵敏度又可能造成大量误报。,"Lui 等汇编的菌株/S9 条件数据，经正式版清洗后训练/验证共 40,129 条记录、测试 4,208 条记录；每条记录对应一个化合物–菌株–S9 组合。另评估缺少菌株/S9 信息的 Foil 数据。",分子编码器与菌株/±S9 条件通道构成双分支；比较单任务、普通/分组多任务，并对 ChemProp/GROVER 等编码器加入条件通道做对照。,正式版主 OOD 评测报告灵敏度 0.72（95% CI 0.68–0.76）、平衡准确率 0.81（0.78–0.83）；Foil 补充评测平衡准确率 0.72。,沿用来源研究的 OOD 分区，去除跨分区相同非立体 SMILES；主任务与 Foil 测试分别报告指标。国际 Ames/QSAR 挑战成绩用于研究背景比较。,"正式版测试集为 4,208 条记录、灵敏度 0.72；预印本 v2 对应 4,528 条和 0.73。版本更新涉及数据清洗，本文采用正式版结果。",https://doi.org/10.1021/acs.chemrestox.6c00082,https://github.com/Model-Medicines/TCL-Ames,TCL 比较模型、预测数据与统计代码已公开；部分大文件另存 Hugging Face，未确认完整 AmesNet 实现与权重,2026-09-22,正式版书目/摘要、出版社可检索的方法段、补充材料、预印本 v2 方法与作者仓库；ACS 连续全文访问受限
dcpm-admet-2026,DCPM-ADMET,DCPM-ADMET: fusion of dual-component pre-trained model and molecular fingerprints to enhance drug ADMET properties prediction,将两种预训练模型学到的分子表示与化学指纹结合，用于预测 97 项 ADMET 性质。,ADMET 与药代动力学,核心论文,综合ADMET; 预训练; 融合,Journal of Cheminformatics,2026-06-20,出版社在线发表日期,journal,单一分子表示难以同时覆盖语义、结构和理化信息；ADMET 标签稀疏且端点异质。,"基于约 1.11 亿条 PubChem 数据预训练；ADMET 建模集合包含 97 个端点，43 个回归、54 个分类，共 465,470 条记录；另评估 10 个 MoleculeNet 数据集。数量按端点记录统计。",融合 XLNet 语义表示、包含 SMILES→InChI 与性质学习的 GRU 组件，以及 ECFP 指纹；结合单任务随机森林、多任务神经网络和参数优化。,论文报告在 67/97 个端点优于 ECFP 对照；在所比较的 10 个 MoleculeNet 任务中，5 个取得最佳结果。,采用骨架划分及模型/特征对照；97 个端点中有 67 个优于论文的 ECFP 对照。,融合消融用于分析不同表示的贡献。平台提供 133 项输出，其中 97 项来自预测模型、36 项为计算属性。,https://link.springer.com/article/10.1186/s13321-026-01244-z,https://github.com/zhangzhangleilei/DCPM-ADMET,作者代码/项目入口已公开,2026-09-19,书目、正文关键部分及相关官方资源
openadmet-avoidome-2026,OpenADMET / Avoid-ome,Mapping the avoid-ome: a systematic open-science approach to predictive ADMET,提出结合开放实验数据、蛋白质结构、主动学习和盲测挑战，从机制上改进 ADMET 预测的研究路线。,ADMET 与药代动力学,观点文章,机制; 开放数据; 观点,Nature Communications,2026-05-25,出版社在线发表日期,journal,公开 ADMET 数据稀缺且测定不统一，结构层面的机制信息不足；传统模型难以给出可靠的结构优化依据。,讨论开放、机制导向的数据建设与实验计划，涉及 CYP、转运体、PXR、hERG 等。,将高通量化学、功能实验、结构生物学、主动学习和盲测挑战连接起来，研究影响 ADMET 的 anti-targets。,提出以开放实验数据和机制建模支持多参数药物设计的研究路线。,Perspective 围绕开放数据、机制建模和盲测挑战提出研究路线。,适合用于理解 OpenADMET 的研究动机，以及 CYP、转运体和安全性相关机制数据的建设方向。,https://www.nature.com/articles/s41467-026-73410-8,https://github.com/OpenADMET,链接指向 OpenADMET 组织及其数据、工具和挑战项目,2026-09-19,书目、正文关键部分及相关官方资源
admet-reliability-2026,ADMET可靠性评测,Revisiting ADMET prediction reliability under real-world challenges in the foundation model era,在小样本、陌生分子结构和类别不均衡等条件下比较多类模型，检验 ADMET 预测在实际研究中是否可靠。,ADMET 与药代动力学,核心论文,泛化; 小样本; 评测,Journal of Cheminformatics,2026-05-18,出版社在线发表日期,journal,常规平均成绩不足以反映小样本、分布外预测、类别不均衡、超出五规则的分子及活性悬崖中的可靠性。,14 个性质/ADMET 相关数据集，涵盖 hERG、BBBP、Caco-2、半衰期、VDss、CYP 及肽性质等；另外使用 MoleculeACE 的 30 个生物活性任务。,在统一实验框架中比较 KPGT、Uni-Mol、TabPFNv2、经典机器学习及 AutoML；采用随机、骨架和 Perimeter 划分，并研究重采样与集成。,在所测小样本/OOD 场景中，TabPFNv2 常有优势；欠采样集成有助于不均衡问题；数据较充足时 KPGT 在环肽渗透性上表现突出；活性悬崖仍是共同难点。,比较随机、骨架和 Perimeter 划分，按小样本、类别不均衡和分布外预测等场景组织实验。,Table 1 和各场景结果展示模型优势随数据条件变化；CycPept-PAMPA 环肽渗透性任务中，KPGT 的 R² 为 0.627。,https://link.springer.com/article/10.1186/s13321-026-01217-2,https://github.com/DonghaiZHAO-ZJU/Benchmark-ADMET-2025,作者代码/项目入口已公开,2026-09-19,书目、正文关键部分及相关官方资源
tdc-audit-2026,TDC模型审计,Critical Assessment of ML models for ADMET Prediction in TDC leaderboards,检查 TDC 榜单领先模型能否运行、有无数据泄漏，以及报告的 ADMET 成绩能否复现。,ADMET 与药代动力学,预印本,可复现性; 数据泄漏; 审计,bioRxiv,2026-02-28,Crossref 预印本发布日期；与 DOI 中日期区分,preprint,排行榜领先成绩是否能复现，是否受到预训练泄漏、验证/测试重叠或环境问题影响？,从 TDC 22 任务的领先方法中选出 10 个方法进行审查；具体结论受其榜单快照与代码版本限制。,分阶段检查环境可用性、预训练泄漏、验证/测试重叠和结果复现。,作者报告仅 MapLight、MapLight+GNN 和 CaliciBoost 通过全部检查；其中 CaliciBoost 仅针对 Caco-2，并非覆盖全部 22 任务。,对 10 个领先方法检查运行环境、数据泄漏、验证/测试重叠与结果复现；记录对应的榜单快照及代码版本。,审计将运行环境问题与实验设计问题分开讨论，适合据此制定复现检查流程。当前条目对应预印本中的审计结果。,https://www.biorxiv.org/content/10.64898/2026.02.26.708193v1,https://github.com/receptor-ai/tdc-admet-bench,作者代码/项目入口已公开,2026-09-19,书目、摘要及可访问项目说明
himnet-2026,HimNet,A hierarchical interaction message net for accurate molecular property prediction,让原子、子结构和整个分子之间交换信息，用层级图神经网络预测分子性质及部分 ADMET 指标。,ADMET 与药代动力学,专题补读,层级GNN; 代谢稳定性,Communications Chemistry,2026-02-14,出版社在线发表日期,journal,原子、子结构与分子整体信息之间的交互不充分，单一层级的表示可能遗漏性质相关信息。,11 个数据集：8 个 MoleculeNet 子集及 Malaria、LMC、MetStab；其中 BBBP、Tox21、SIDER、ClinTox、代谢稳定性等与 ADMET 直接相关，其他任务属于更广泛性质/活性评价。,层级消息传递与注意力，结合有向消息路径、跨层信息交互及多种指纹的一致性信息。,原文 Tables 1–2 报告多个任务上的最佳或接近最佳成绩，支持层级融合的价值。,Tables 1–2 汇总 11 个性质/活性数据集的结果；当前笔记记录主要比较，逐任务划分及超参数仍待补齐。,适合结合层级特征融合与代谢稳定性任务阅读，重点分析不同层级表示带来的性能变化。,https://www.nature.com/articles/s42004-026-01922-x,,代码链接待补充,2026-09-19,书目、正文关键部分及相关官方资源
caliciboost-2025,CaliciBoost,CaliciBoost: Performance-driven evaluation of molecular representations for caco-2 permeability prediction,比较分子指纹和理化描述符，结合自动机器学习预测分子通过肠道细胞模型（Caco-2）的能力。,ADMET 与药代动力学,核心论文,吸收; Caco-2; AutoML,Journal of Cheminformatics,2025-12-22,出版社在线发表日期,journal,Caco-2 渗透性数据少、实验条件不一致，不清楚哪些分子特征与建模策略最有效。,"TDC Caco2_Wang，906 个分子；另整理 OCHEM 数据，由 9,402 条原始记录经筛选清洗形成 5,481 条建模数据。两套数据分别建模评价。",系统比较分子指纹、RDKit/PaDEL/Mordred 描述符、CDDD 等表示；结合 AutoGluon、特征筛选、解释分析与超参数优化。,特征筛选与集成学习改善 Caco-2 渗透性预测。2026-09-19 的 TDC Caco-2 官方榜单记录其 MAE 为 0.256 ± 0.006，排名第一。,分别评价 TDC Caco2_Wang 和整理后的 OCHEM 数据。2026-09-19 的 TDC 榜单记录为 MAE 0.256±0.006。,结果体现特征选择与集成学习在 Caco-2 预测中的作用。OCHEM 部分记录缺少测定方向，标签一致性是进一步改进的数据问题。,https://link.springer.com/article/10.1186/s13321-025-01137-7,https://github.com/Calici/CaliciBoost,作者代码/项目入口已公开,2026-09-19,书目、正文关键部分及相关官方资源
pksmart-2025,PKSmart,PKSmart: an open-source computational model to predict intravenous pharmacokinetics of small molecules,先预测动物体内的药代参数，再结合分子结构预测人体静脉给药后的清除率、分布容积和半衰期等指标。,ADMET 与药代动力学,核心论文,人体PK; 跨物种; 外部验证,Journal of Cheminformatics,2025-09-26,出版社在线发表日期,journal,人体 PK 数据稀缺，单纯从结构学习困难；如何利用临床前物种信息提高人体参数预测？,"1,283 个不同化合物的人体静脉 PK 数据，涉及 VDss、清除率、半衰期、游离分数和平均滞留时间；另有 371 个化合物的临床前动物数据，各端点标签数不同。",两阶段建模：先由分子特征预测大鼠、犬和猴的相关 PK 参数，再将预测出的动物参数与分子特征结合，建立人体随机森林模型；使用重复嵌套交叉验证和外部验证。,作者报告外部验证中 VDss、清除率的 R² 分别为 0.39、0.46，表明跨物种预测信息可改善部分人体 PK 端点。,采用重复嵌套交叉验证及外部验证；VDss、清除率的外部 R² 分别为 0.39、0.46。,研究对象是人体静脉给药 PK。两阶段模型的对照实验用于分析动物 PK 信息对人体预测的贡献；外部集 R² 也显示出剩余预测误差。,https://link.springer.com/article/10.1186/s13321-025-01066-5,https://github.com/srijitseal/PKSmart,作者代码/项目入口已公开,2026-09-19,书目、正文关键部分及相关官方资源
mc-pgp-2025,MC-PGP,A multimodal contrastive learning framework for predicting P-glycoprotein substrates and inhibitors,融合 SMILES、指纹和分子图，分别判断分子是否抑制 P-gp、是否会被 P-gp 转运。,ADMET 与药代动力学,核心论文,P-gp; 多模态; 外部验证,Journal of Pharmaceutical Analysis,2025-08,采用期刊卷期月份；另列 PubMed article date，二者不混用,journal,单一表示难以覆盖 P-gp 相关结构信息；抑制剂与底物需要区分，并检验新来源化合物上的表现。,"公开数据库/文献汇编：抑制剂数据集共 5,943 个分子（4,558 阳性、1,385 阴性），底物集共 4,018（2,455 阳性、1,563 阴性）；独立外部集分别为 140 和 185 个分子。",注意力融合 SMILES 序列、分子指纹与分子图表示；图对比学习对齐局部与全局结构，并分析相关官能团。,抑制剂外部集 AUROC 为 0.906±0.015；作者报告抑制剂/底物外部集 AUROC 相对次优方法提高 9.82%/10.62%。,内部比较含随机与骨架划分；Tables 4–5 给出外部集成绩。9.82%/10.62% 为 AUROC 相对次优方法的提升比例。,两个任务分别评价抑制作用与转运底物属性，且各含阳性、阴性样本。与 TDC 对照时，对应的 Pgp_Broccatelli 任务是抑制剂分类。,https://doi.org/10.1016/j.jpha.2025.101313,,完整训练实现的公开链接待核实,2026-09-22,书目、正文相关方法与结果及列出的官方资源
hergai-2025,HERGAI,HERGAI: an artificial intelligence tool for structure-based prediction of hERG inhibitors,结合分子对接与集成模型，从大量候选分子中识别可能阻断 hERG 心脏离子通道的化合物。,ADMET 与药代动力学,核心论文,hERG; 对接; 类别不均衡,Journal of Cheminformatics,2025-07-24,出版社在线发表日期,journal,小规模或阳性富集的测试集不能充分反映筛选中大量阴性、少量 hERG 阻断剂的场景。,"PubChem/ChEMBL 清洗后 299,927 个分子：1,937 阳性、297,990 阴性；采用 IC50 20 μM 判据，按 Bemis–Murcko 骨架成组分配约 3:1 训练/测试集。",Smina 对接后选择结合姿势，提取蛋白–配体 PLEC 指纹；RF、XGBoost、DNN 作为基模型，DNN 作为堆叠集成元学习器；在训练折内过采样。,作者报告测试集对 IC50≤20 μM 阻断剂的召回约 86%，对≤1 μM 阻断剂约 94%；筛选富集优于论文比较的通用对接打分方案。,训练集五折交叉验证调参，报告召回、特异度、平衡准确率和筛选富集；86%/94% 对应两档活性阈值下的阳性召回。,测试集筛选表现参与了对接姿势打分方案的选择。高召回伴随误报，实际筛选需结合特异度和富集率；预测流程包含对接与结构指纹计算。,https://doi.org/10.1186/s13321-025-01063-8,https://github.com/vktrannguyen/HERGAI,作者代码与数据可访问；仓库于 2026-01-01 归档,2026-09-22,书目、正文相关方法与结果及列出的官方资源
molmcl-2025,MolMCL,Multi-channel learning for integrating structural hierarchies into context-dependent molecular representation,从分子整体、骨架和局部环境等层面学习表示，再按任务组合这些信息，用于性质和生物活性预测。,ADMET 与药代动力学,专题补读,多通道预训练; 活性悬崖,Nature Communications,2025-01-06,出版社在线发表日期,journal,不同任务依赖的分子结构层级不同，固定的图表示和读出方式难以适配所有任务。,ZINC15 用于预训练；7 个 MoleculeNet 数据集及 MoleculeACE 的 30 个生物活性任务用于下游评价。,分子、骨架和上下文相关的多通道学习，结合分子扰动、对比学习及提示引导的读出。,多通道及任务适配改善所测分子任务的表示，活性悬崖实验显示该设计的价值。,下游实验包括 7 个 MoleculeNet 子集和 30 个 MoleculeACE 生物活性任务。,活性悬崖实验适合用于研究表示对局部结构变化的敏感性。本文 MolMCL 与 Bioinformatics 上的 MoleMCL 为两项独立工作。,https://www.nature.com/articles/s41467-024-55082-4,https://github.com/yuewan2/MolMCL,作者代码/项目入口已公开,2026-09-19,书目、正文关键部分及相关官方资源
mole-2024,MolE,MolE: a foundation model for molecular graphs using disentangled attention,先在海量分子图上预训练，再利用生物学任务数据进一步训练，最后用于 ADMET 性质预测。,ADMET 与药代动力学,核心论文,图基础模型; 大规模预训练,Nature Communications,2024-11-12,出版社在线发表日期,journal,怎样从超大规模无标签分子中学习可迁移表示，并与有标签的生物学任务信息结合？,约 8.42 亿个分子图用于自监督阶段，来自 ZINC20、ExCAPE-DB；随后进行监督多任务预训练；ADMET 评价覆盖 TDC 22 任务。,引入解耦注意力，将原子内容信息与图中相对位置建模结合；先预测原子环境，再进行监督预训练和下游微调。,作者报告相对于 2023 年 9 月的 TDC 已发表方法快照，在 10/22 个任务超过当时最佳成绩；实验报告多次运行的均值与标准差。,评价 TDC 22 任务，报告多次运行均值与标准差；比较对象来自 2023 年 9 月的 TDC 已发表方法快照。,论文说明了预训练数据中测试分子的排除方法。复现实验还涉及大规模预训练资源；核对时官方仓库的预训练检查点下载说明仍含 TODO。,https://www.nature.com/articles/s41467-024-53751-y,https://github.com/recursionpharma/mole_public,实现公开；核验时预训练检查点下载说明含 TODO，未确认全部权重可用,2026-09-19,书目、正文关键部分及相关官方资源
pharmabench-2024,PharmaBench,PharmaBench: Enhancing ADMET benchmarks with large language models,用大语言模型辅助提取实验条件，再清洗和统一 ADMET 记录，构建条件更明确的评测数据集。,ADMET 与药代动力学,数据与基准,数据清洗; 实验条件,Scientific Data,2024-09-10,出版社在线发表日期,journal,ADMET 数据中的测定条件和定义不统一，简单合并标签会损害基准质量。,"从 14,401 个生物测定整合 156,618 条原始记录；经处理得到 52,482 条记录、11 个 ADMET 数据集。",使用大语言模型辅助抽取测定信息，再进行结构、单位、重复项和实验条件的整理，提供建模划分。,整理测定条件、统一数据处理流程，为 ADMET 建模提供实验信息更明确的数据与基准。,基准构建关注测定条件、单位、结构清洗与数据划分。,可据此制定数据清洗和标签统一流程；与其他公共数据合并时，应按来源及分子结构检查重复记录。,https://www.nature.com/articles/s41597-024-03793-0,https://github.com/mindrank-ai/PharmaBench,作者代码/项目入口已公开,2026-09-19,书目、正文关键部分及相关官方资源
bbb-megamolbart-2024,BBB MegaMolBART,Predicting blood–brain barrier permeability of molecules with a large language model and machine learning,用分子语言模型和 XGBoost 预测血脑屏障通透性，并用人源三维 BBB 球体检验部分候选。,ADMET 与药代动力学,专题补读,BBB; 分子语言模型; 体外验证,Scientific Reports,2024-07-09,出版社在线发表日期,journal,BBB 标注数据有限，分子预训练表示能否改善预测并得到体外实验支持仍需检验。,"B3DB 7,807 个分子（4,956 BBB+、2,851 BBB−），CMUH 2,499 个分子（105 BBB+、2,394 BBB−）；B3DB 中 1,058 个有 logBB 数值。另选择 21 个预测可透过和 5 个不可透过候选做球体实验，并设置对照。",MegaMolBART 编码 SMILES，再用 XGBoost 分类/回归；与 Morgan 指纹比较。人脑微血管内皮细胞、周细胞及星形胶质细胞构成 BBB 球体，以 LC–MS/MS 测定通透性。,作者报告最终留出测试 AUROC 0.88，所选候选的球体实验与预测方向一致，支持该流程用于 BBB 筛选探索。,比较 B3DB 单独训练、CMUH 外测及混合数据方案；最终分类将 B3DB/CMUH 按 80/10/10 分配，留出集 AUROC 为 0.88。,球体实验选择了预测分数极高或极低的候选，结果支持这些候选的体外通透性判断。中间分数候选及人体通透性仍需进一步实验。,https://doi.org/10.1038/s41598-024-66897-y,,原文提供 B3DB 和 MegaMolBART 组件入口；完整训练流程的代码链接待补充,2026-09-22,书目、正文相关方法与结果及列出的官方资源
admet-ai-2024,ADMET-AI,ADMET-AI: a machine learning ADMET platform for evaluation of large-scale chemical libraries,将图神经网络用于网页和本地预测工具，一次预测多项 ADMET 性质，方便快速筛选大规模化合物库。,ADMET 与药代动力学,核心论文,综合ADMET; 平台; 高通量,Bioinformatics,2024-06-24,出版社在线发表日期,journal,大规模筛选需要兼顾多端点预测效果、吞吐量和本地部署能力。,TDC 的 41 个预测任务：31 分类、10 回归；性能排名比较使用其中的 22 任务 ADMET Benchmark Group。,论文版采用 Chemprop D-MPNN 与 200 个 RDKit 描述符；分别训练分类、回归多任务模型，并使用模型集成。,作者在发表时报告 TDC ADMET 平均排名领先，并显示较高批量处理效率；提供网页与本地工具。,模型训练覆盖 41 个任务，性能排名使用其中 22 个 ADMET 基准任务；Fig. 1B–C 给出性能与运行效率比较。,推理效率取决于硬件和处理批量。当前 v2 已调整 Chemprop 版本及特征配置，复现论文应使用对应版本。,https://pmc.ncbi.nlm.nih.gov/articles/PMC11226862/,https://github.com/swansonk14/admet_ai,作者代码/项目入口已公开,2026-09-19,书目、正文关键部分及相关官方资源
admetsar-3-2024,admetSAR3.0,"admetSAR3.0: a comprehensive platform for exploration, prediction and optimization of chemical ADMET properties",把 ADMET 数据查询、性质预测和结构优化建议整合到一个平台，帮助寻找更合适的候选分子。,ADMET 与药代动力学,专题补读,综合ADMET; 平台; 结构优化,Nucleic Acids Research,2024-04-22,出版社在线发表日期,journal,用户不仅需要性质预测，还需要查询相似化合物及寻找改善 ADMET 的结构修改方向。,"超过 37 万条实验记录，涉及 104,652 个不同化合物、119 个 ADMET 端点。",多任务图神经网络，结合数据库检索、相似性搜索及结构变换/骨架跃迁等优化功能。,将分子探索、性质预测和结构优化建议整合到同一平台，支持多参数筛选与设计。,当前笔记覆盖数据规模、预测与优化功能；逐端点实验设置仍待补齐。,平台将结构探索、性质预测与优化建议连接起来，适合研究多参数优化工具的组织方式。建议分子的实验表现仍需通过测定评价。,https://doi.org/10.1093/nar/gkae298,,代码链接待补充,2026-09-19,书目、摘要及可访问项目说明
admetlab-3-2024,ADMETlab 3.0,"ADMETlab 3.0: an updated comprehensive online ADMET prediction platform enhanced with broader coverage, improved performance, API functionality and decision support",提供覆盖多类 ADMET 及理化性质的在线预测平台，并加入不确定性评估、API 和决策支持功能。,ADMET 与药代动力学,专题补读,综合ADMET; 平台; 不确定性,Nucleic Acids Research,2024-04-04,出版社在线发表日期,journal,平台覆盖不足、调用不方便，且仅给出点预测难以支持化合物决策。,汇集超过 40 万条数据用于相关模型构建；平台共提供 119 项性质/评价输出，涵盖预测端点和计算属性。,多任务有向消息传递模型与描述符建模，结合预测不确定性、API 和决策支持功能。,扩展了性质预测覆盖，集成批量处理、API 与不确定性估计，方便开展分子的 ADMET 筛选。,当前笔记覆盖平台功能、数据规模与模型方法；逐端点实验设置仍待补齐。,平台比较可从端点覆盖、批量推理、不确定性输出和使用方式展开。训练流程及权重的开放情况见资料核对记录。,https://doi.org/10.1093/nar/gkae236,,代码链接待补充,2026-09-19,书目、摘要及可访问项目说明
kpgt-2023,KPGT,A knowledge-guided pre-training framework for improving molecular representation learning,把分子指纹和理化描述符融入图预训练，让模型学到更适合预测 ADMET 等性质的分子表示。,ADMET 与药代动力学,核心论文,图预训练; 化学知识,Nature Communications,2023-11-21,出版社在线发表日期,journal,图预训练目标可能偏离下游任务需求；如何使表示保留化学知识并提高迁移能力？,约 200 万个 ChEMBL29 分子预训练；下游 63 个数据集，包括 11 个常用性质数据集、22 个 TDC ADMET 任务和 30 个 MoleculeACE 任务。,LiGhT 线图 Transformer，结合分子描述符和指纹进行知识引导预训练，再对下游任务微调。,原文 Fig. 2c 与 Supplementary Table 8 报告，在当时比较的模型中，16/22 个 TDC ADMET 任务取得最佳表现。,分别评价 TDC、MoleculeNet 和 MoleculeACE 任务。Fig. 2c 与 Supplementary Table 8 显示其在论文比较的 22 个 TDC 任务中有 16 个取得最佳表现。,预训练使用约 200 万个 ChEMBL29 分子；MoleculeACE 实验进一步考察生物活性悬崖。阅读时可结合知识引导预训练与下游迁移的消融结果。,https://www.nature.com/articles/s41467-023-43214-1,https://github.com/lihan97/KPGT,作者代码/项目入口已公开,2026-09-19,书目、正文关键部分及相关官方资源
mtgl-admet-2023,MTGL-ADMET,ADMET property prediction via multi-task graph learning under adaptive auxiliary task selection,为每个 ADMET 预测任务自动挑选有帮助的辅助任务，减少多任务联合训练时的相互干扰。,ADMET 与药代动力学,核心论文,多任务; 辅助任务; 负迁移,iScience,2023-11,期刊卷期月份；未在此补造具体日,journal,把所有 ADMET 任务放进同一个多任务模型可能产生负迁移；不同主任务需要不同的辅助任务。,"从 8 篇文献汇集 24 个端点：18 分类、6 回归，共 43,291 个化合物；含吸收、分布、代谢、排泄、毒性和 2 个理化性质端点。",以状态理论和最大流选择辅助任务，结合共享原子表示、任务特异注意力和以主任务为中心的门控模块。,在论文所比较的多任务模型及消融实验中，自适应选任务和门控模块改善预测表现，支持“按主任务选择辅助任务”的设计。,Table 1 使用随机 8:1:1 划分、10 个随机种子；分类指标为 AUROC，回归指标为 R²。,对照与消融围绕辅助任务选择和门控模块展开。论文的 24 端点数据与 TDC 22 任务在数据构成和划分上有所不同。,https://pmc.ncbi.nlm.nih.gov/articles/PMC10654589/,https://github.com/dubingxue/MTGL-ADMET,作者代码/项目入口已公开,2026-09-19,书目、正文关键部分及相关官方资源
maplight-2023,MapLight,ADMET property prediction through combinations of molecular fingerprints,组合多种分子指纹和描述符，用 CatBoost 建立 ADMET 预测模型，检验传统特征方法的竞争力。,ADMET 与药代动力学,预印本,指纹; CatBoost; 基线,arXiv,2023-09-29,arXiv 首次提交日期；修订日期见发表信息,preprint,简单、计算成本较低的特征模型是否仍能与深度模型竞争？,TDC ADMET 22 任务。,组合 ECFP、Avalon、ErG 和分子描述符，使用 CatBoost；另有增加 GNN 表示的变体。,组合指纹模型在多个 ADMET 端点取得较好结果，为端点建模提供基线；后续第三方审计报告将 MapLight 两个版本列为通过其审计流程的方法。,使用 TDC ADMET 22 任务评价不同模型变体；另有第三方预印本对两个版本开展复现审计。,组合指纹模型为端点建模提供了实用基线；第三方审计结果可结合其代码版本与检查项目阅读。,https://arxiv.org/abs/2310.00174,https://github.com/maplightrx/MapLight-TDC,作者代码/项目入口已公开,2026-09-19,书目、正文关键部分及相关官方资源
ai-toxicity-review-2023,AI 药物毒性预测综述,"Artificial Intelligence in Drug Toxicity Prediction: Recent Advances, Challenges, and Future Perspectives",按毒性任务梳理机器学习和深度学习研究，并汇总可用于建模的公开数据与预测工具。,ADMET 与药代动力学,综述,毒性; 综述; 数据与工具,Journal of Chemical Information and Modeling,2023-04-26,出版社在线发表日期；卷期日期为 2023-05-08,journal,毒性预测研究分散在不同端点、数据资源和模型中，研究者需要按任务找到可用数据、代表方法与工具。,覆盖六类主要毒性性质及 Tox21 端点；补充表 S2 汇总 Tox21、TOXRIC、ToxRefDB 2.0、DILIrank、ToxCast、CTD、PubChem、ChEMBL、OCHEM、TDC 等公开资源，数据规模注明为 2022-05-10 的查询记录。,综述机器学习算法与深度学习架构在毒性预测中的应用；补充表 S1 对照 Tox21 方法、输入特征与性能，S2 汇总数据来源，S3 整理预测工具及其模型数量和算法。,形成从毒性任务查找模型、数据和工具的文献入口：既覆盖指纹与描述符模型，也包含图神经网络、多任务及知识引导方法，适合建立毒性预测专题的阅读框架。,该文属于综述，性能信息来自所引原研究。表 S1 按方法记录输入特征和 AUC/ACC；表 S3 列出 ProTox-II、FP-ADMET、HelixADMET、ADMETlab 2.0 等工具，网站访问日期为 2022-06-15。,表 S1 的分数对应不同原研究的端点和实验设置，比较模型时需回到相应论文；表 S2–S3 的数据规模、工具版本和访问日期保留为原文历史记录。,https://pubs.acs.org/doi/10.1021/acs.jcim.3c00200,,综述配套资源为公开数据和预测工具清单，见补充表 S2–S3,2026-09-22,已核对出版社书目与摘要，以及作者公开的 17 页补充材料表 S1–S3；正文各毒性小节尚未逐节核对。
uni-qsar-2023,Uni-QSAR,Uni-QSAR: an Auto-ML Tool for Molecular Property Prediction,自动组合分子指纹、描述符和一维至三维预训练表示，通过调参与堆叠集成完成多种 ADMET 性质预测。,ADMET 与药代动力学,预印本,AutoML; 多模态表示; 模型集成,arXiv,2023-04-24,arXiv v1 提交日期,preprint,不同性质依赖不同分子特征，手动选择表示、模型和超参数成本高；偏态回归标签和分类不均衡进一步增加建模难度。,TDC ADMET Benchmark Group 的 22 个任务：9 个回归、13 个分类；另做 CNS 穿透性案例，训练集 940 个化合物（315 个阳性、625 个阴性），外部测试集 117 个化合物。,融合指纹、描述符、K-BERT 等一维表示、GROVER/MolCLR/KPGT 等二维表示与 Uni-Mol 三维表示；结合目标值变换、不均衡学习、贝叶斯超参数优化和两层堆叠集成，并用 dflow 并行执行。,表 1–2 报告 Caco-2 MAE 0.273、BBBP AUROC 0.925；按表内 TDC 排名行统计，22 项中 17 项排名第一。CNS 案例 AUROC 为 0.980，消融实验支持三维表示、堆叠和目标值变换的贡献。,TDC 实验沿用文中所引基准报告的设置，与 Chemprop、DeepAutoQSAR 和 DeepPurpose 比较；部分基线成绩引用既有报告或榜单。正文没有逐任务列出划分和随机种子。表 1 回归任务有 8/9 项排名第一，表 2 分类任务有 9/13 项排名第一；这是论文发表时的表格记录。,摘要写“21/22 项达到 SOTA”，而表 1–2 的 TDC 排名行合计为 17/22 项第一。笔记采用结果表中的任务指标和排名计数；摘要与表格的统计口径未在文中解释。,https://arxiv.org/abs/2304.12239,https://github.com/deepmodeling/unimol_tools,公开的相关组件为 Uni-Mol Tools，提供 Uni-Mol 表示与性质预测功能；该入口不是论文完整的多表示堆叠流程,2026-09-22,已核对 arXiv v1 全文、表 1–2、CNS 案例和消融实验，并检查 Uni-Mol Tools README 的论文引用与功能说明。
domain-aware-pbrics-2023,Domain-aware / pBRICS,Domain-aware representation of small molecules for explainable property prediction models,按化学官能团对分子进行片段化，让图模型在预测 ADMET 性质时指出哪些片段影响结果。,ADMET 与药代动力学,专题补读,片段表示; 可解释性; 多任务学习,ICLR 2023 MLDD Workshop,2023,会议官方录用目录所列年份,conference,原子级重要性难以直接对应药物化学中的官能团和结构改造；通用分子切分又可能破坏有解释意义的化学片段。,从 ADMETlab 2.0 数据整理的 23 个分类端点，覆盖 Ames、致癌性、CYP、眼部与呼吸毒性、BBBP 和 Tox21；另用 ChEMBL 分子分析片段化效果，以 BBBP 的 102 对匹配分子对（110 个独立分子）等案例检查解释。,pBRICS 在 BRICS 切分后结合官能团规则整理骨架和取代基，使用 MACCS 与 ECFP2 片段指纹构建片段图；比较单任务和多任务 GCN/RGCN，通过 Grad-CAM 给片段赋予重要性，并分析匹配分子对。,表 2 中，多任务片段 RGCN 在 23 个端点上的平均 AUROC 为 84.47%，高于用 ADMETlab 2.0 源码训练的对照模型 83.35%，提升 1.12 个百分点；片段解释展示了官能团变化与 BBBP、Ames 预测的联系。,训练/验证/测试比例为 80%/10%/10%，正文未指明随机或骨架划分。表 2 比较 MT-FraGCN、MT-FraRGCN、ST-FraGCN 和 ADMETlab 2.0 对照；第 3.3–3.4 节分析 BBBP 与 Ames 匹配分子对。,匹配分子对分析发现，骨架相关性有时会主导预测，局部片段解释合理的分子仍可能分类错误。同团队相关期刊研究 pBRICS（10.1021/acs.jcim.3c00689）扩展到 40 个性质；本条的 23 任务与 84.47% 结果对应 Workshop 版本。,https://openreview.net/forum?id=C9WW17wQF7p,,论文及会议目录未提供配套代码链接,2026-09-22,已核对会议官方录用记录及其链接的 13 页 PDF，包括片段表示、数据划分、表 2 和匹配分子对分析；另核对相关期刊研究的书目信息与任务数。
moleculeace-2022,MoleculeACE,Exposing the Limitations of Molecular Machine Learning with Activity Cliffs,专门检查结构很相似、活性却差很多的分子，揭示平均预测误差容易掩盖的模型弱点。,基础方法与基准,数据与基准,活性悬崖; 生物活性; 评测,Journal of Chemical Information and Modeling,2022-12-01,出版社在线发表日期,journal,整体平均误差不能充分反映模型处理活性悬崖的能力，而这些分子对先导优化很重要。,30 个大分子靶标的整理后生物活性数据集，比较 24 种机器学习策略；作者库提供数据和评测流程。,定义相似结构但活性差异大的分子对，同时报告整体 RMSE 与悬崖分子 RMSEcliff，比较描述符模型和图/序列神经网络。,在所测活性悬崖场景中，多种描述符机器学习方法优于更复杂深度模型；性能随靶标而变，支持单独报告悬崖指标。,结合整体 RMSE 与 RMSEcliff 分析性能，固定数据版本、代码和悬崖定义；2023 年正式勘误修正了早停描述。,研究重点是相似结构分子的生物活性差异。原论文结果与后续实现结果分别记录，便于追踪代码和数据更新带来的变化。,https://doi.org/10.1021/acs.jcim.2c01073,https://github.com/molML/MoleculeACE,作者代码/项目入口已公开,2026-09-22,书目、正文相关方法与结果及列出的官方资源
ames-multitask-2022,AMES 多任务 DNN,Multitask Deep Neural Networks for Ames Mutagenicity Prediction,保留五种菌株各自的 Ames 结果进行多任务学习，而非只学习一个总体致突变标签。,ADMET 与药代动力学,专题补读,AMES; 菌株级标签; 多任务学习,Journal of Chemical Information and Modeling,2022-09-06,出版社在线发表日期,journal,将不同菌株的实验结果压成单一标签，会丢失可用于预测致突变性的菌株差异信息。,"作者 Mendeley v2 数据：ISSSTY 整理的 5,536 个分子、1,360 个 Mordred 描述符；TA98、TA100、TA102、TA1535、TA1537 五种菌株标签及 Overall 标签，含未确定标签；提供 Train/Internal/External 分区。",用共享表示的多任务 DNN 学习五种菌株结果，与总体标签单任务模型、各菌株单任务及其集成比较；保留部分标签未确定的化合物信息。,正式摘要报告多任务模型优于总体标签单任务模型和菌株单任务集成，说明保留菌株级信息有助于致突变性预测。,作者 data.py 提供 Train/Internal/External 分区和五折交叉验证；多任务模型按 Overall 标签分层。逐项结果分数仍待核对正式版表格。,五种菌株标签为模型提供不同突变敏感性的信息。代码 README 保留了投稿阶段说明；文献引用使用正式 JCIM 版本。,https://doi.org/10.1021/acs.jcim.2c00532,https://github.com/VirSabando/MTL_DNN_Ames,作者代码/项目入口已公开,2026-09-22,正式版书目/摘要、作者 Mendeley v2 数据说明、代码 README 与 data.py；未完成正式版全部结果表核对
ssl-gcn-2021,SSL-GCN,Chemical toxicity prediction based on semi-supervised learning and graph convolutional neural network,让图神经网络同时学习有毒性标签和无标签的分子，利用半监督学习改善 Tox21 毒性预测。,ADMET 与药代动力学,专题补读,毒性; 半监督学习; Tox21,Journal of Cheminformatics,2021-11-27,出版社在线发表日期,journal,毒性实验标签有限，大量分子只有结构信息；仅用有标签样本训练图网络，难以充分利用这些分子。,"Tox21：7,831 个分子、12 个毒性端点；另从 ClinTox、SIDER、ToxCast 和 HIV 收集分子，移除标签并去除与 Tox21 重复的结构，得到 50,527 个无标签分子。",以 GCN 编码分子图，采用 Mean Teacher 框架：学生模型学习毒性标签，教师参数由学生参数的指数移动平均更新，并用扰动前后的预测一致性利用无标签数据。,论文报告最佳平均 ROC-AUC 为 0.757，优于所比较传统机器学习模型约 0.71 的水平。无标签数据能够改善预测，但最佳加入比例随毒性端点变化。,Tox21 按分子骨架划分为训练/验证/测试集，比例为 80%/10%/10%，重复运行 5 次。比较监督式 SL-GCN、基于 ECFP4 的 KNN、神经网络、随机森林、SVM、XGBoost，以及 DeepChem 模型；测试无标签/有标签样本比例 0.5、1、2、3、4。,12 个端点的标签完整性和类别比例不同。阅读结果时应同时看各端点 AUROC 与无标签比例实验；增加无标签样本并非在所有端点上都持续提高成绩。,https://link.springer.com/article/10.1186/s13321-021-00570-8,https://github.com/chen709847237/SSL-GCN,作者提供训练与预测脚本，README 链接数据和模型压缩包,2026-09-22,已核对出版社全文中的数据、骨架划分、Mean Teacher 方法和结果，以及作者仓库 README。
cardiotox-net-2021,CardioTox net,CardioTox net: a robust predictor for hERG channel blockade based on deep learning meta-feature ensembles,融合不同分子表示的神经网络预测，改善 hERG 阻断剂识别，并在三个外部测试集上检验效果。,ADMET 与药代动力学,专题补读,hERG; 集成; 外部验证,Journal of Cheminformatics,2021-08-16,出版社在线发表日期,journal,单一分子表示可能遗漏信息，多模型直接合并又难兼顾灵敏度、特异度和预测精度。,"BindingDB、ChEMBL 和文献数据整理为 12,620 个训练分子（6,643 阻断剂、5,977 非阻断剂）；三个外部集分别为 44、41、839 个分子，采用 IC50 10 μM 分类判据。",五个基神经网络处理不同化学特征，再用独立神经网络组合其预测；训练数据按 70/10/10/10 分别用于基模型训练/验证和元模型训练/验证。,三个外部集报告 MCC 0.599/0.452/0.220，准确率 0.810/0.755/0.746；相对所选旧方法改善多项指标，但第三个不平衡外部集 PPV 仅 0.113。,Data preparation 说明训练与三个外部集的构建，并分析它们的化学相似性。,两个外部集较小，第三个集阳性比例低；其 PPV 0.113 反映了不平衡筛选中的误报问题，可与召回率一起分析。,https://doi.org/10.1186/s13321-021-00541-z,https://github.com/Abdulk084/CardioTox,作者代码/项目入口已公开,2026-09-22,书目、正文相关方法与结果及列出的官方资源
tox21-conformal-2021,毒性深度共形预测,Deep Learning-Based Conformal Prediction of Toxicity,给毒性模型加入共形预测，让用户按置信水平得到单一类别或多个候选类别，并评估漏检与不确定性。,ADMET 与药代动力学,专题补读,毒性; 不确定性; 共形预测,Journal of Chemical Information and Modeling,2021-05-27,出版社在线发表日期,journal,单个毒性类别或概率难以直接说明预测可靠性，类别不均衡又容易导致模型漏检少数有毒分子。,Tox21 挑战数据的 12 个核受体与应激反应端点；每个端点按活性/非活性单独建模，样本数见原文表 1。,结合 DNN、GCN、GAT、其他图网络、随机森林和 LightGBM，使用独立校准集构建 Mondrian 共形预测器；比较有效性、单标签预测比例、平衡准确率与 MCC。,GCN 共形预测在 90% 置信水平下，对有毒类别的单标签预测比例超过 80%。多种基础模型的有毒分子召回增加，同时假阳性也增加。,10 折分层交叉验证；每折训练部分先留出 10% 验证集，再从剩余部分划出 20% 校准集。比较不同显著性水平下的有效性和效率，并单独报告阳性与阴性类别。,覆盖保证依赖数据可交换性；单标签预测比例与正确率是不同指标。外推到新化学空间时，应另外检查校准后的实际覆盖率。,https://doi.org/10.1021/acs.jcim.1c00208,https://github.com/FredrikSvenssonUK/tox21_conformal,作者公开建模 Python 代码，论文给出 Tox21 数据入口,2026-09-22,已核对作者接受稿的数据、方法、实验与结论，以及出版社和 Crossref 日期；核对作者代码入口。
tdc-2021,TDC,Therapeutics Data Commons: Machine Learning Datasets and Tasks for Drug Discovery and Development,把药物发现中的多类数据和任务整理成统一接口与基准，让不同预测方法能够按共同规则比较。,ADMET 与药代动力学,数据与基准,数据基准; 评价协议,NeurIPS Datasets and Benchmarks,2021,正式会议年份；未在此补造月日,conference,药物研究数据分散，任务接口、划分与评价缺乏统一，难以公平比较。,跨药物发现和开发任务的数据集合；本文聚焦其中 ADMET Benchmark Group 的 22 任务。会议论文整体覆盖范围大于 ADMET。,建立任务定义、数据接口、标准化基准和公开榜单。,提供数据加载、任务划分与评测工具，支持在统一设置下比较药物发现模型。,ADMET Benchmark Group 使用任务专属指标和骨架划分，并提供多随机种子评测流程。,22 任务中的毒性部分包括 hERG、AMES、DILI 和 LD50。TDC 还提供其他药物发现数据，使用时按具体 benchmark group 选择任务。,https://datasets-benchmarks-proceedings.neurips.cc/paper/2021/hash/3948ead63a9f2944218de038d8930b8f-Abstract-round2.html,,代码链接待补充,2026-09-19,书目、正文关键部分及相关官方资源
tox21-library-2020,Tox21 10K 化合物库,The Tox21 10K Compound Library: Collaborative Chemistry Advancing Toxicology,解释 Tox21 化合物库如何整合多机构样品、开展高通量实验并形成可追溯的毒性数据。,ADMET 与药代动力学,数据与基准,毒性; 数据资源,Chemical Research in Toxicology,2020-11-03,出版社在线发表日期,journal,来自不同机构的化合物库覆盖范围不同，合并后需要统一结构注释、识别重复样品并评估实验重现性。,"Tox21 10K 库约 10,000 个化学样品；截至论文描述阶段，约 8,500 种化学物质经过 70 多项高通量测定，产生超过一亿个数据点。",整合合作机构的化合物库，以多浓度定量高通量筛选、重复样品和分析化学质控组织数据；用 ToxPrint 化学类型及富集分析比较化学空间和活性模式。,不同机构的化学库形成互补覆盖，合并后能发现单独样本库中不易识别的结构–活性模式，为理解和使用 Tox21 提供数据背景。,分析化合物库构成、样品重复、质控流程、理化性质与化学类型富集；研究对象是数据资源及其覆盖范围。,Tox21 10K 原始库、2014 挑战集与 MoleculeNet 的 12 端点子集属于不同数据版本，建模时需记录具体版本与样本筛选。,https://doi.org/10.1021/acs.chemrestox.0c00264,,数据资源论文；样品信息与测定数据由合作机构公开发布,2026-09-22,已核对出版社摘要与方法介绍、Crossref 在线/卷期日期，以及官方数据下载入口。
chemprop-dmpnn-2019,Chemprop / D-MPNN,Analyzing Learned Molecular Representations for Property Prediction,通过沿有向化学键传递信息来学习分子表示，并在公开和工业数据上检验性质预测。,基础方法与基准,基础方法,分子图; D-MPNN; 工业数据,Journal of Chemical Information and Modeling,2019-07-30,出版社在线发表日期,journal,学习得到的分子表示是否优于手工描述符，尤其能否推广到工业数据和新化学空间，缺少充分比较。,19 个公开与 16 个工业私有数据集，覆盖多类化学端点。,有向键消息传递网络 D-MPNN，结合分子级计算特征及超参数优化；与固定描述符方法及已有图网络比较。,在论文所测公开/工业任务中达到或超过多种对照，显示学习表示的实际价值；仍未达到实验重复性水平，结果取决于任务与划分。,比较随机、骨架和可用的时间划分，分析新化学空间及工业数据上的泛化表现。,2019 年论文奠定了 Chemprop 的方法基础；项目后续持续更新，复现实验时应固定软件版本、分子特征和数据划分。,https://doi.org/10.1021/acs.jcim.9b00237,https://github.com/chemprop/chemprop,作者代码/项目入口已公开,2026-09-22,书目、正文相关方法与结果及列出的官方资源
attentivefp-2019,AttentiveFP,Pushing the Boundaries of Molecular Representation for Drug Discovery with the Graph Attention Mechanism,让图神经网络在汇总分子信息时学习关注哪些原子和邻域，用于性质预测与结构归因。,基础方法与基准,基础方法,分子图; 注意力; 分子表示,Journal of Medicinal Chemistry,2019,在线年份；精确在线日存在来源字段冲突，卷期日期另列,journal,分子表示需要捕捉局部及较远结构联系，同时让模型关注的化学特征更容易检查。,论文配套作者库提供 BBBP、HIV、BACE、ClinTox、SIDER、Tox21、ToxCast、ESOL（delaney）、FreeSolv（SAMPL）、Lipophilicity、QM9 等数据文件，以及芳香性解释示例，覆盖 ADMET、活性、理化与量子化学任务。,在分子图消息聚合和图级读出中使用注意力，构建可学习的分子指纹，并通过注意力可视化分析结构信息。,作者报告在所测任务上取得当时先进表现，并通过可视化展示模型学习非局部分子内联系的例子。,作者数据目录提供分类、回归及芳香性解释示例；任务间比较需要对齐数据划分与训练配置。,注意力可视化展示模型关注的结构。在线日期的来源字段有差异：Crossref/ACS 页首为 2019-08-13，ACS history 为 2019-08-27，本条记到年份。,https://doi.org/10.1021/acs.jmedchem.9b00959,https://github.com/OpenDrugAI/AttentiveFP,作者代码与配套数据可访问；原 Code Ocean 环境需按复现说明重建,2026-09-22,书目与日期冲突、原始摘要、作者实现和数据目录、REPRODUCING.md；未完整复核逐数据集结果表
moleculenet-2018,MoleculeNet,MoleculeNet: a benchmark for molecular machine learning,把分散的分子数据集、划分、指标与算法组织成基准，让性质预测方法有共同的比较起点。,基础方法与基准,数据与基准,数据集; 基准; 评测,Chemical Science,2017-10-31,出版社在线发表日期,journal,不同研究自选数据、指标与实现，难以判断算法改进来自模型还是评测设置。,整合量子化学、理化、生物物理及生理相关公开数据；包括 ESOL、FreeSolv、Lipophilicity、BBBP、Tox21、ClinTox、SIDER、BACE、HIV、QM 系列等，按任务设置评价指标和划分。,以 DeepChem 提供数据加载、分子特征化和学习算法实现，系统比较固定描述符与学习表示。,学习表示在多类任务上有效，但小样本和类别不均衡仍困难；量子/生物物理任务中，符合物理背景的特征可能比算法选择更关键。,各子集按任务设置指标和划分；开展比较时记录具体子集、数据版本、清洗步骤与 split。,数据涵盖 ADMET、活性、理化及量子化学任务；DeepChem 随版本更新数据加载流程。发表时间采用出版社的 2017-10-31 在线日期，并列 2018 年卷期。,https://doi.org/10.1039/C7SC02664A,https://github.com/deepchem/deepchem,作者代码/项目入口已公开,2026-09-22,出版社书目、摘要/基准描述与 DeepChem 官方入口；未运行各子集
